Year,Disaster Group,Disaster Subgroup,Disaster Type,Country,Region,Continent,Total Deaths,Total Affected
2018,Natural,Hydrological,Flood,Albania,Southern Europe,Europe,,800
2018,Natural,Hydrological,Flood,Brazil,South America,Americas,4,250
2018,Natural,Hydrological,Flood,Bangladesh,Southern Asia,Asia,14,
2018,Natural,Hydrological,Flood,Bolivia (Plurinational State of),South America,Americas,6,12186
2018,Natural,Hydrological,Flood,Colombia,South America,Americas,12,60000
2018,Natural,Hydrological,Flood,Costa Rica,Central America,Americas,1,125190
2018,Natural,Hydrological,Flood,Guatemala,Central America,Americas,,100
2018,Natural,Hydrological,Flood,Ghana,Western Africa,Africa,34,100000
2018,Natural,Climatological,Wildfire,Canada,Northern America,Americas,,3000
2018,Natural,Geophysical,Volcanic activity,Guatemala,Central America,Americas,461,1714414
2018,Natural,Hydrological,Flood,Argentina,South America,Americas,,1420
2018,Natural,Hydrological,Flood,China,Eastern Asia,Asia,11,36000
2018,Natural,Hydrological,Flood,China,Eastern Asia,Asia,112,450000
2018,Natural,Hydrological,Flood,Colombia,South America,Americas,14,
2018,Natural,Climatological,Wildfire,Greece,Southern Europe,Europe,100,4718
2018,Natural,Climatological,Drought,Afghanistan,Southern Asia,Asia,,13500000
2018,Natural,Hydrological,Flood,Afghanistan,Southern Asia,Asia,11,
2018,Natural,Hydrological,Landslide,Afghanistan,Southern Asia,Asia,12,
2018,Natural,Hydrological,Flood,Afghanistan,Southern Asia,Asia,72,4000
2018,Natural,Hydrological,Flood,Afghanistan,Southern Asia,Asia,18,
2018,Natural,Hydrological,Flood,Angola,Middle Africa,Africa,8,3000
2018,Natural,Climatological,Drought,Argentina,South America,Americas,,
2018,Natural,Hydrological,Flood,Argentina,South America,Americas,,17000
2018,Natural,Hydrological,Flood,Argentina,South America,Americas,,45000
2018,Natural,Climatological,Drought,Australia,Australia and New Zealand,Oceania,,
2018,Natural,Hydrological,Flood,Australia,Australia and New Zealand,Oceania,,600
2018,Natural,Hydrological,Flood,Burundi,Eastern Africa,Africa,,12000
2018,Natural,Hydrological,Flood,Burundi,Eastern Africa,Africa,,23000
2018,Natural,Hydrological,Flood,Burundi,Eastern Africa,Africa,,12956
2018,Natural,Hydrological,Flood,Bangladesh,Southern Asia,Asia,21,14000
2018,Natural,Hydrological,Flood,Bulgaria,Eastern Europe,Europe,,600
2018,Natural,Hydrological,Flood,Belarus,Eastern Europe,Europe,,50000
2018,Natural,Hydrological,Landslide,Brazil,South America,Americas,15,300
2018,Natural,Hydrological,Flood,Brazil,South America,Americas,3,1000
2018,Natural,Hydrological,Flood,Botswana,Southern Africa,Africa,,4225
2018,Natural,Hydrological,Flood,Canada,Northern America,Americas,,4000
2018,Natural,Geophysical,Earthquake,China,Eastern Asia,Asia,,12000
2018,Natural,Geophysical,Earthquake,China,Eastern Asia,Asia,,18024
2018,Natural,Hydrological,Flood,China,Eastern Asia,Asia,5,70000
2018,Natural,Hydrological,Flood,China,Eastern Asia,Asia,77,225000
2018,Natural,Hydrological,Flood,China,Eastern Asia,Asia,2,6000
2018,Natural,Hydrological,Flood,China,Eastern Asia,Asia,3,1381000
2018,Natural,Hydrological,Flood,China,Eastern Asia,Asia,16,1519000
2018,Natural,Hydrological,Flood,China,Eastern Asia,Asia,18,11400
2018,Natural,Hydrological,Flood,Côte d’Ivoire,Western Africa,Africa,20,25000
2018,Natural,Climatological,Drought,Costa Rica,Central America,Americas,,
2018,Natural,Hydrological,Flood,Dominican Republic (the),Caribbean,Americas,,7390
2018,Natural,Hydrological,Flood,Algeria,Northern Africa,Africa,6,200
2018,Natural,Climatological,Wildfire,Spain,Southern Europe,Europe,,
2018,Natural,Hydrological,Flood,Spain,Southern Europe,Europe,13,
2018,Natural,Hydrological,Landslide,Ethiopia,Eastern Africa,Africa,32,17
2018,Natural,Hydrological,Landslide,Ethiopia,Eastern Africa,Africa,12,4
2018,Natural,Hydrological,Flood,France,Western Europe,Europe,,2750
2018,Natural,Hydrological,Flood,France,Western Europe,Europe,14,1476
2018,Natural,Hydrological,Flood,Georgia,Western Asia,Asia,,1143
2018,Natural,Hydrological,Flood,Guatemala,Central America,Americas,2,76845
2018,Natural,Climatological,Drought,Guatemala,Central America,Americas,,1500000
2019,Natural,Hydrological,Flood,Bolivia (Plurinational State of),South America,Americas,60,335540
2019,Natural,Hydrological,Flood,Afghanistan,Southern Asia,Asia,30,
2019,Natural,Hydrological,Flood,Afghanistan,Southern Asia,Asia,3,
2019,Natural,Hydrological,Flood,Afghanistan,Southern Asia,Asia,63,129100
2019,Natural,Hydrological,Flood,Bosnia and Herzegovina,Southern Europe,Europe,,159
2019,Natural,Hydrological,Flood,Brazil,South America,Americas,12,1306
2019,Natural,Hydrological,Flood,Brazil,South America,Americas,10,4500
2019,Natural,Hydrological,Flood,Colombia,South America,Americas,14,1647
2019,Natural,Hydrological,Flood,Spain,Southern Europe,Europe,4,
2019,Natural,Hydrological,Flood,Canada,Northern America,Americas,1,19500
2019,Natural,Hydrological,Flood,Argentina,South America,Americas,4,31451
2019,Natural,Hydrological,Flood,Brazil,South America,Americas,4,10000
2019,Natural,Hydrological,Flood,Spain,Southern Europe,Europe,1,
2019,Natural,Climatological,Wildfire,Australia,Australia and New Zealand,Oceania,,627
2019,Natural,Hydrological,Landslide,Ecuador,South America,Americas,2,145
2019,Natural,Hydrological,Flood,Afghanistan,Southern Asia,Asia,24,561
2019,Natural,Hydrological,Flood,Afghanistan,Southern Asia,Asia,35,
2019,Natural,Hydrological,Flood,Afghanistan,Southern Asia,Asia,16,1281
2019,Natural,Hydrological,Flood,Angola,Middle Africa,Africa,11,4255
2019,Natural,Hydrological,Flood,Angola,Middle Africa,Africa,19,1075
2019,Natural,Geophysical,Earthquake,Albania,Southern Europe,Europe,,304
2019,Natural,Hydrological,Flood,Argentina,South America,Americas,2,1800
2019,Natural,Hydrological,Flood,Argentina,South America,Americas,,2100
2019,Natural,Hydrological,Flood,Australia,Australia and New Zealand,Oceania,3,9900
2019,Natural,Hydrological,Flood,Burundi,Eastern Africa,Africa,10,
2019,Natural,Hydrological,Landslide,Bangladesh,Southern Asia,Asia,2,18016
2019,Natural,Hydrological,Flood,Bosnia and Herzegovina,Southern Europe,Europe,1,600
2019,Natural,Hydrological,Landslide,Bolivia (Plurinational State of),South America,Americas,23,
2019,Natural,Hydrological,Flood,Bolivia (Plurinational State of),South America,Americas,,14000
2019,Natural,Hydrological,Flood,Brazil,South America,Americas,7,30000
2019,Natural,Geophysical,Earthquake,Chile,South America,Americas,2,780
2019,Natural,Hydrological,Flood,Chile,South America,Americas,6,600
2019,Natural,Geophysical,Earthquake,China,Eastern Asia,Asia,2,32772
2019,Natural,Geophysical,Earthquake,China,Eastern Asia,Asia,13,244220
2019,Natural,Climatological,Wildfire,China,Eastern Asia,Asia,30,
2019,Natural,Hydrological,Flood,China,Eastern Asia,Asia,11,
2019,Natural,Hydrological,Flood,China,Eastern Asia,Asia,300,4500000
2019,Natural,Hydrological,Flood,China,Eastern Asia,Asia,17,360000
2019,Natural,Hydrological,Flood,Colombia,South America,Americas,,9000
2019,Natural,Hydrological,Landslide,Colombia,South America,Americas,32,
2019,Natural,Geophysical,Earthquake,Ecuador,South America,Americas,,15
2019,Natural,Hydrological,Flood,Ecuador,South America,Americas,14,3000
2019,Natural,Hydrological,Flood,Georgia,Western Asia,Asia,,5088
2019,Natural,Hydrological,Flood,Ghana,Western Africa,Africa,13,
2018,Natural,Geophysical,Earthquake,Indonesia,South-Eastern Asia,Asia,4140,2000000
2018,Natural,Hydrological,Flood,India,Southern Asia,Asia,504,23220000
2018,Natural,Hydrological,Flood,Honduras,Central America,Americas,6,6948
2018,Natural,Hydrological,Flood,Croatia,Southern Europe,Europe,,471
2018,Natural,Hydrological,Flood,Indonesia,South-Eastern Asia,Asia,35,20000
2018,Natural,Hydrological,Flood,Indonesia,South-Eastern Asia,Asia,13,3000
2018,Natural,Hydrological,Flood,Indonesia,South-Eastern Asia,Asia,3,12001
2018,Natural,Hydrological,Flood,Indonesia,South-Eastern Asia,Asia,9,5463
2018,Natural,Hydrological,Flood,Indonesia,South-Eastern Asia,Asia,20,100000
2018,Natural,Hydrological,Flood,India,Southern Asia,Asia,25,
2018,Natural,Hydrological,Flood,Iran (Islamic Republic of),Southern Asia,Asia,9,7135
2018,Natural,Geophysical,Earthquake,Japan,Eastern Asia,Asia,41,6280
2018,Natural,Hydrological,Flood,Japan,Eastern Asia,Asia,246,1500102
2018,Natural,Hydrological,Flood,Sri Lanka,Southern Asia,Asia,20,153712
2018,Natural,Hydrological,Flood,Sri Lanka,Southern Asia,Asia,12,75000
2018,Natural,Hydrological,Flood,Myanmar,South-Eastern Asia,Asia,12,
2018,Natural,Hydrological,Flood,Nicaragua,Central America,Americas,4,13000
2018,Natural,Geophysical,Earthquake,Papua New Guinea,Melanesia,Oceania,145,544300
2018,Natural,Hydrological,Flood,Romania,Eastern Europe,Europe,,1500
2018,Natural,Hydrological,Flood,Rwanda,Eastern Africa,Africa,24,26051
2018,Natural,Hydrological,Landslide,Rwanda,Eastern Africa,Africa,18,12
2018,Natural,Geophysical,Earthquake,Indonesia,South-Eastern Asia,Asia,564,516927
2018,Natural,Geophysical,Volcanic activity,Indonesia,South-Eastern Asia,Asia,453,47778
2018,Natural,Geophysical,Volcanic activity,Italy,Southern Europe,Europe,,328
2018,Natural,Hydrological,Flood,Kenya,Eastern Africa,Africa,47,
2018,Natural,Hydrological,Flood,Lao People's Democratic Republic (the),South-Eastern Asia,Asia,136,13100
2018,Natural,Hydrological,Flood,Myanmar,South-Eastern Asia,Asia,7,63400
2018,Natural,Hydrological,Flood,Russian Federation (the),Eastern Europe,Europe,8,11303
2018,Natural,Climatological,Wildfire,Latvia,Northern Europe,Europe,,
2018,Natural,Climatological,Wildfire,Portugal,Southern Europe,Europe,,329
2018,Natural,Hydrological,Landslide,Indonesia,South-Eastern Asia,Asia,15,50014
2018,Natural,Climatological,Drought,Namibia,Southern Africa,Africa,,556000
2018,Natural,Climatological,Drought,Honduras,Central America,Americas,,360000
2018,Natural,Geophysical,Earthquake,Haiti,Caribbean,Americas,17,39336
2018,Natural,Geophysical,Earthquake,Indonesia,South-Eastern Asia,Asia,1,13811
2018,Natural,Geophysical,Earthquake,Indonesia,South-Eastern Asia,Asia,14,102852
2018,Natural,Geophysical,Earthquake,Indonesia,South-Eastern Asia,Asia,10,779
2018,Natural,Geophysical,Volcanic activity,Indonesia,South-Eastern Asia,Asia,,50000
2018,Natural,Hydrological,Landslide,Indonesia,South-Eastern Asia,Asia,33,
2018,Natural,Hydrological,Flood,Indonesia,South-Eastern Asia,Asia,,3000
2018,Natural,Hydrological,Flood,India,Southern Asia,Asia,15,11728
2018,Natural,Climatological,Wildfire,India,Southern Asia,Asia,17,
2018,Natural,Climatological,Drought,India,Southern Asia,Asia,,8200000
2018,Natural,Hydrological,Flood,India,Southern Asia,Asia,52,
2018,Natural,Hydrological,Flood,India,Southern Asia,Asia,12,4945
2018,Natural,Hydrological,Flood,India,Southern Asia,Asia,33,1545
2018,Natural,Hydrological,Flood,India,Southern Asia,Asia,20,41430
2018,Natural,Hydrological,Flood,India,Southern Asia,Asia,3,25000
2018,Natural,Hydrological,Flood,India,Southern Asia,Asia,46,3050
2018,Natural,Geophysical,Earthquake,Iran (Islamic Republic of),Southern Asia,Asia,,5042
2018,Natural,Geophysical,Earthquake,Iran (Islamic Republic of),Southern Asia,Asia,2,13255
2018,Natural,Geophysical,Earthquake,Iran (Islamic Republic of),Southern Asia,Asia,,716
2018,Natural,Hydrological,Flood,Iraq,Western Asia,Asia,21,25000
2018,Natural,Hydrological,Flood,Israel,Western Asia,Asia,12,
2018,Natural,Hydrological,Flood,Italy,Southern Europe,Europe,10,23
2018,Natural,Hydrological,Flood,Jordan,Western Asia,Asia,21,35
2018,Natural,Hydrological,Flood,Jordan,Western Asia,Asia,13,29
2018,Natural,Geophysical,Earthquake,Japan,Eastern Asia,Asia,5,20715
2018,Natural,Hydrological,Flood,Kazakhstan,Central Asia,Asia,,400
2018,Natural,Hydrological,Flood,Kenya,Eastern Africa,Africa,15,
2018,Natural,Hydrological,Flood,Kenya,Eastern Africa,Africa,72,211188
2018,Natural,Hydrological,Flood,Cambodia,South-Eastern Asia,Asia,,5817
2018,Natural,Hydrological,Flood,Kuwait,Western Asia,Asia,1,
2018,Natural,Hydrological,Flood,Sri Lanka,Southern Asia,Asia,2,75000
2018,Natural,Climatological,Drought,Lithuania,Northern Europe,Europe,,
2018,Natural,Geophysical,Earthquake,Mexico,Central America,Americas,,3004
2018,Natural,Hydrological,Flood,Mexico,Central America,Americas,20,120
2018,Natural,Hydrological,Flood,Mali,Western Africa,Africa,,13150
2018,Natural,Geophysical,Mass movement (dry),Myanmar,South-Eastern Asia,Asia,17,
2018,Natural,Hydrological,Landslide,Myanmar,South-Eastern Asia,Asia,15,45
2018,Natural,Hydrological,Flood,Myanmar,South-Eastern Asia,Asia,16,109650
2018,Natural,Hydrological,Flood,Mongolia,Eastern Asia,Asia,,8301
2018,Natural,Hydrological,Landslide,Mozambique,Eastern Africa,Africa,17,300
2018,Natural,Hydrological,Flood,Mozambique,Eastern Africa,Africa,11,77150
2018,Natural,Climatological,Drought,Mauritania,Western Africa,Africa,,350600
2018,Natural,Hydrological,Flood,Malawi,Eastern Africa,Africa,,200
2018,Natural,Hydrological,Flood,Malawi,Eastern Africa,Africa,1,300
2018,Natural,Hydrological,Flood,Malawi,Eastern Africa,Africa,4,9113
2018,Natural,Hydrological,Flood,Malaysia,South-Eastern Asia,Asia,,4900
2018,Natural,Hydrological,Flood,Malaysia,South-Eastern Asia,Asia,2,12000
2018,Natural,Hydrological,Flood,Niger (the),Western Africa,Africa,36,130468
2018,Natural,Hydrological,Flood,Nigeria,Western Africa,Africa,101,15872
2018,Natural,Hydrological,Flood,Nigeria,Western Africa,Africa,199,1922332
2018,Natural,Climatological,Drought,Nicaragua,Central America,Americas,,300000
2018,Natural,Hydrological,Flood,Nepal,Southern Asia,Asia,15,1406
2018,Natural,Hydrological,Flood,New Zealand,Australia and New Zealand,Oceania,,100
2018,Natural,Hydrological,Flood,Pakistan,Southern Asia,Asia,60,
2018,Natural,Climatological,Drought,Panama,Central America,Americas,,
2018,Natural,Geophysical,Earthquake,Peru,South America,Americas,2,9319
2018,Natural,Geophysical,Volcanic activity,Philippines (the),South-Eastern Asia,Asia,,86056
2018,Natural,Hydrological,Flood,Philippines (the),South-Eastern Asia,Asia,11,180000
2018,Natural,Geophysical,Earthquake,Papua New Guinea,Melanesia,Oceania,11,
2018,Natural,Geophysical,Earthquake,Papua New Guinea,Melanesia,Oceania,25,
2018,Natural,Geophysical,Volcanic activity,Papua New Guinea,Melanesia,Oceania,,736
2018,Natural,Climatological,Drought,Poland,Eastern Europe,Europe,,
2018,Natural,Hydrological,Flood,Puerto Rico,Caribbean,Americas,,400
2018,Natural,Hydrological,Flood,Korea (the Democratic People's Republic of),Eastern Asia,Asia,148,581268
2018,Natural,Hydrological,Flood,Paraguay,South America,Americas,,5000
2018,Natural,Hydrological,Flood,Paraguay,South America,Americas,,41300
2018,Natural,Hydrological,Flood,Qatar,Western Asia,Asia,,1500
2018,Natural,Hydrological,Flood,Romania,Eastern Europe,Europe,,1200
2018,Natural,Hydrological,Flood,Russian Federation (the),Eastern Europe,Europe,2,3672
2019,Natural,Hydrological,Flood,Madagascar,Eastern Africa,Africa,9,
2019,Natural,Hydrological,Flood,Peru,South America,Americas,51,8379
2019,Natural,Hydrological,Flood,Mexico,Central America,Americas,7,3000
2019,Natural,Hydrological,Flood,Romania,Eastern Europe,Europe,4,362
2019,Natural,Hydrological,Flood,Iraq,Western Asia,Asia,10,5865
2019,Natural,Hydrological,Flood,Indonesia,South-Eastern Asia,Asia,2,2650
2019,Natural,Hydrological,Flood,Indonesia,South-Eastern Asia,Asia,9,168397
2019,Natural,Hydrological,Flood,Indonesia,South-Eastern Asia,Asia,18,13002
2019,Natural,Hydrological,Flood,India,Southern Asia,Asia,1900,3000000
2019,Natural,Hydrological,Flood,Iran (Islamic Republic of),Southern Asia,Asia,70,10001076
2019,Natural,Geophysical,Earthquake,Japan,Eastern Asia,Asia,,460
2019,Natural,Hydrological,Flood,Nepal,Southern Asia,Asia,119,82541
2019,Natural,Hydrological,Flood,Pakistan,Southern Asia,Asia,25,22
2019,Natural,Hydrological,Flood,Peru,South America,Americas,10,
2019,Natural,Hydrological,Flood,Papua New Guinea,Melanesia,Oceania,2,350
2019,Natural,Geophysical,Earthquake,Indonesia,South-Eastern Asia,Asia,8,11804
2019,Natural,Hydrological,Flood,India,Southern Asia,Asia,52,60
2019,Natural,Hydrological,Landslide,Indonesia,South-Eastern Asia,Asia,84,6643
2019,Natural,Climatological,Drought,Kenya,Eastern Africa,Africa,,2600000
2019,Natural,Climatological,Drought,Pakistan,Southern Asia,Asia,77,4680912
2019,Natural,Climatological,Drought,Korea (the Democratic People's Republic of),Eastern Asia,Asia,,10100000
2019,Natural,Hydrological,Flood,Croatia,Southern Europe,Europe,1,65
2019,Natural,Hydrological,Flood,Haiti,Caribbean,Americas,8,3108
2019,Natural,Geophysical,Earthquake,Indonesia,South-Eastern Asia,Asia,,1763
2019,Natural,Geophysical,Earthquake,Indonesia,South-Eastern Asia,Asia,9,1295
2019,Natural,Hydrological,Flood,Indonesia,South-Eastern Asia,Asia,206,59540
2019,Natural,Hydrological,Landslide,Indonesia,South-Eastern Asia,Asia,5,860
2019,Natural,Hydrological,Flood,Indonesia,South-Eastern Asia,Asia,2,2258
2019,Natural,Hydrological,Flood,Indonesia,South-Eastern Asia,Asia,1,52000
2019,Natural,Hydrological,Flood,Indonesia,South-Eastern Asia,Asia,2,55495
2019,Natural,Geophysical,Earthquake,Iran (Islamic Republic of),Southern Asia,Asia,1,2100
2019,Natural,Hydrological,Flood,Iran (Islamic Republic of),Southern Asia,Asia,5,20
2019,Natural,Hydrological,Flood,Italy,Southern Europe,Europe,,1200
2019,Natural,Hydrological,Flood,Japan,Eastern Asia,Asia,2,600
2019,Natural,Climatological,Wildfire,Korea (the Republic of),Eastern Asia,Asia,1,3035
2019,Natural,Hydrological,Flood,Libya,Northern Africa,Africa,4,20030
2019,Natural,Hydrological,Flood,Maldives,Southern Asia,Asia,,1800
2019,Natural,Hydrological,Flood,Mexico,Central America,Americas,2,142
2019,Natural,Hydrological,Flood,Mali,Western Africa,Africa,15,507
2019,Natural,Hydrological,Flood,Mongolia,Eastern Asia,Asia,12,500
2019,Natural,Hydrological,Flood,Mozambique,Eastern Africa,Africa,18,
2019,Natural,Hydrological,Flood,Mozambique,Eastern Africa,Africa,10,63000
2019,Natural,Hydrological,Landslide,Malawi,Eastern Africa,Africa,8,109
2019,Natural,Hydrological,Flood,Malawi,Eastern Africa,Africa,,15974
2019,Natural,Hydrological,Flood,Malawi,Eastern Africa,Africa,60,975672
2019,Natural,Hydrological,Flood,Malaysia,South-Eastern Asia,Asia,,1000
2019,Natural,Hydrological,Flood,Oman,Western Asia,Asia,6,
2019,Natural,Hydrological,Flood,Pakistan,Southern Asia,Asia,20,
2019,Natural,Geophysical,Earthquake,Peru,South America,Americas,2,4272
2019,Natural,Hydrological,Landslide,Peru,South America,Americas,15,28
2019,Natural,Geophysical,Earthquake,Philippines (the),South-Eastern Asia,Asia,25,15555
2019,Natural,Climatological,Drought,Philippines (the),South-Eastern Asia,Asia,,16000
2019,Natural,Hydrological,Flood,Philippines (the),South-Eastern Asia,Asia,,45000
2019,Natural,Geophysical,Earthquake,Papua New Guinea,Melanesia,Oceania,,651
2019,Natural,Geophysical,Volcanic activity,Papua New Guinea,Melanesia,Oceania,,15800
2019,Natural,Hydrological,Landslide,Papua New Guinea,Melanesia,Oceania,10,
2019,Natural,Hydrological,Flood,Paraguay,South America,Americas,1,2000
2019,Natural,Hydrological,Flood,Paraguay,South America,Americas,23,208602
2019,Natural,Hydrological,Flood,Paraguay,South America,Americas,16,310595
2019,Natural,Hydrological,Flood,Russian Federation (the),Eastern Europe,Europe,31,33190
2018,Natural,Hydrological,Flood,Congo (the Democratic Republic of the),Middle Africa,Africa,51,15760
2018,Natural,Hydrological,Flood,Rwanda,Eastern Africa,Africa,24,360
2018,Natural,Hydrological,Flood,El Salvador,Central America,Americas,4,7099
2018,Natural,Hydrological,Flood,Trinidad and Tobago,Caribbean,Americas,,150000
2018,Natural,Hydrological,Flood,United States of America (the),Northern America,Americas,,1596
2018,Natural,Hydrological,Flood,Viet Nam,South-Eastern Asia,Asia,33,16728
2018,Natural,Hydrological,Flood,Viet Nam,South-Eastern Asia,Asia,20,6000
2018,Natural,Geophysical,Volcanic activity,United States of America (the),Northern America,Americas,,2500
2018,Natural,Geophysical,Volcanic activity,Vanuatu,Melanesia,Oceania,,7286
2018,Natural,Climatological,Wildfire,United States of America (the),Northern America,Americas,14,3237
2018,Natural,Hydrological,Flood,United States of America (the),Northern America,Americas,5,
2018,Natural,Climatological,Drought,El Salvador,Central America,Americas,,386610
2018,Natural,Climatological,Wildfire,Sweden,Northern Europe,Europe,,
2018,Natural,Hydrological,Landslide,Uganda,Eastern Africa,Africa,51,
2018,Natural,Hydrological,Landslide,United States of America (the),Northern America,Americas,21,1366
2018,Natural,Hydrological,Landslide,Turkey,Western Asia,Asia,24,100
2018,Natural,Hydrological,Flood,Serbia,Southern Europe,Europe,,231
2018,Natural,Hydrological,Flood,Rwanda,Eastern Africa,Africa,10,
2018,Natural,Hydrological,Flood,Sudan (the),Northern Africa,Africa,23,70060
2018,Natural,Hydrological,Flood,Sudan (the),Northern Africa,Africa,,2750
2018,Natural,Hydrological,Flood,Sudan (the),Northern Africa,Africa,23,54666
2018,Natural,Geophysical,Earthquake,El Salvador,Central America,Americas,,2499
2018,Natural,Hydrological,Flood,Somalia,Eastern Africa,Africa,5,700000
2018,Natural,Hydrological,Flood,Tajikistan,Central Asia,Asia,6,5725
2018,Natural,Hydrological,Flood,Tunisia,Northern Africa,Africa,6,30000
2018,Natural,Hydrological,Flood,Tunisia,Northern Africa,Africa,7,
2018,Natural,Geophysical,Earthquake,Taiwan (Province of China),Eastern Asia,Asia,84,285
2018,Natural,Hydrological,Flood,"Tanzania, United Republic of",Eastern Africa,Africa,15,15873
2018,Natural,Climatological,Drought,Uruguay,South America,Americas,,75000
2018,Natural,Hydrological,Flood,United States of America (the),Northern America,Americas,2,
2018,Natural,Climatological,Wildfire,United States of America (the),Northern America,Americas,88,250000
2018,Natural,Climatological,Drought,United States of America (the),Northern America,Americas,,
2018,Natural,Climatological,Wildfire,United States of America (the),Northern America,Americas,2,3
2018,Natural,Hydrological,Flood,Venezuela (Bolivarian Republic of),South America,Americas,2,1000
2018,Natural,Hydrological,Flood,Venezuela (Bolivarian Republic of),South America,Americas,,9700
2018,Natural,Hydrological,Flood,Viet Nam,South-Eastern Asia,Asia,14,105000
2018,Natural,Geophysical,Volcanic activity,Vanuatu,Melanesia,Oceania,,6300
2019,Natural,Hydrological,Flood,United States of America (the),Northern America,Americas,1,6000
2019,Natural,Climatological,Wildfire,Australia,Australia and New Zealand,Oceania,32,8883
2019,Natural,Hydrological,Flood,Bangladesh,Southern Asia,Asia,114,7600000
2019,Natural,Hydrological,Landslide,Uganda,Eastern Africa,Africa,61,129953
2019,Natural,Geophysical,Earthquake,El Salvador,Central America,Americas,1,160
2019,Natural,Hydrological,Flood,Tajikistan,Central Asia,Asia,4,6750
2019,Natural,Hydrological,Flood,United States of America (the),Northern America,Americas,1,8000
2019,Natural,Hydrological,Flood,Viet Nam,South-Eastern Asia,Asia,3,265
2019,Natural,Hydrological,Flood,South Africa,Southern Africa,Africa,73,1000
2019,Natural,Hydrological,Flood,Burundi,Eastern Africa,Africa,14,3773
2019,Natural,Hydrological,Flood,Brazil,South America,Americas,12,
2019,Natural,Hydrological,Flood,Brazil,South America,Americas,2,672
2019,Natural,Hydrological,Flood,Brazil,South America,Americas,,300
2019,Natural,Hydrological,Flood,China,Eastern Asia,Asia,14,
2019,Natural,Hydrological,Flood,Djibouti,Eastern Africa,Africa,11,250000
2019,Natural,Hydrological,Flood,United States of America (the),Northern America,Americas,5,2000
2019,Natural,Hydrological,Flood,South Africa,Southern Africa,Africa,10,
2019,Natural,Hydrological,Flood,Côte d’Ivoire,Western Africa,Africa,12,14646
2019,Natural,Climatological,Drought,Somalia,Eastern Africa,Africa,,1500000
2019,Natural,Climatological,Drought,Botswana,Southern Africa,Africa,,38000
2019,Natural,Hydrological,Flood,Saudi Arabia,Western Asia,Asia,12,271
2019,Natural,Hydrological,Flood,Saudi Arabia,Western Asia,Asia,1,36
2019,Natural,Hydrological,Flood,Sudan (the),Northern Africa,Africa,,6198
2019,Natural,Hydrological,Flood,Syrian Arab Republic,Western Asia,Asia,2,235000
2019,Natural,Hydrological,Flood,Turkey,Western Asia,Asia,10,70
2019,Natural,Hydrological,Flood,"Tanzania, United Republic of",Eastern Africa,Africa,5,5000
2019,Natural,Hydrological,Flood,Uganda,Eastern Africa,Africa,15,100
2019,Natural,Hydrological,Flood,Uganda,Eastern Africa,Africa,8,2500
2019,Natural,Hydrological,Flood,Uruguay,South America,Americas,,5427
2019,Natural,Hydrological,Flood,Uruguay,South America,Americas,,7406
2019,Natural,Geophysical,Earthquake,United States of America (the),Northern America,Americas,,150
2019,Natural,Hydrological,Flood,United States of America (the),Northern America,Americas,3,600
2019,Natural,Hydrological,Flood,Yemen,Western Asia,Asia,8,80000
2019,Natural,Hydrological,Flood,Yemen,Western Asia,Asia,6,
2019,Natural,Hydrological,Flood,South Africa,Southern Africa,Africa,13,
2019,Natural,Hydrological,Landslide,Congo (the Democratic Republic of the),Middle Africa,Africa,13,450
2019,Natural,Hydrological,Flood,Zambia,Eastern Africa,Africa,4,
2019,Natural,Hydrological,Flood,Zimbabwe,Eastern Africa,Africa,26,
2019,Natural,Hydrological,Flood,Serbia,Southern Europe,Europe,,11650
2019,Natural,Hydrological,Flood,South Sudan,Northern Africa,Africa,3,234800
2019,Natural,Climatological,Wildfire,South Sudan,Northern Africa,Africa,50,12
2019,Natural,Hydrological,Landslide,Afghanistan,Southern Asia,Asia,40,
2019,Natural,Hydrological,Flood,Angola,Middle Africa,Africa,41,11190
2019,Natural,Geophysical,Earthquake,Albania,Southern Europe,Europe,,4608
2019,Natural,Geophysical,Earthquake,Albania,Southern Europe,Europe,51,202913
2019,Natural,Climatological,Drought,Argentina,South America,Americas,8,35032
2019,Natural,Hydrological,Landslide,Burundi,Eastern Africa,Africa,37,9942
2019,Natural,Geophysical,Volcanic activity,Bolivia (Plurinational State of),South America,Americas,,3000
2019,Natural,Climatological,Wildfire,Bolivia (Plurinational State of),South America,Americas,,36000
2019,Natural,Climatological,Wildfire,Brazil,South America,Americas,,10002195
2019,Natural,Hydrological,Flood,Central African Republic,Middle Africa,Africa,,44918
2019,Natural,Climatological,Wildfire,Chile,South America,Americas,,747
2019,Natural,Geophysical,Earthquake,China,Eastern Asia,Asia,1,15582
2019,Natural,Hydrological,Flood,China,Eastern Asia,Asia,13,15861
2019,Natural,Hydrological,Flood,China,Eastern Asia,Asia,,11400
2019,Natural,Hydrological,Landslide,China,Eastern Asia,Asia,51,40
2019,Natural,Hydrological,Landslide,China,Eastern Asia,Asia,38,6606
2019,Natural,Hydrological,Landslide,Cameroon,Middle Africa,Africa,54,
2019,Natural,Hydrological,Flood,Congo (the),Middle Africa,Africa,,
2019,Natural,Hydrological,Flood,Congo (the),Middle Africa,Africa,,213000
2019,Natural,Hydrological,Flood,Colombia,South America,Americas,20,23250
2019,Natural,Hydrological,Flood,Colombia,South America,Americas,,6000
2019,Natural,Hydrological,Flood,Colombia,South America,Americas,18,
2019,Natural,Geophysical,Earthquake,Ecuador,South America,Americas,,249
2020,Natural,Hydrological,Flood,Brazil,South America,Americas,61,11012
2020,Natural,Hydrological,Flood,Bangladesh,Southern Asia,Asia,257,5448271
2020,Natural,Hydrological,Flood,Bosnia and Herzegovina,Southern Europe,Europe,,15000
2020,Natural,Hydrological,Flood,Bolivia (Plurinational State of),South America,Americas,8,2511
2020,Natural,Hydrological,Flood,Bolivia (Plurinational State of),South America,Americas,18,35100
2020,Natural,Hydrological,Flood,Brazil,South America,Americas,5,658
2020,Natural,Hydrological,Flood,Brazil,South America,Americas,4,152
2020,Natural,Hydrological,Flood,Brazil,South America,Americas,60,5000
2020,Natural,Hydrological,Flood,Brazil,South America,Americas,21,339
2020,Natural,Hydrological,Flood,Côte d’Ivoire,Western Africa,Africa,24,18657
2020,Natural,Hydrological,Flood,Colombia,South America,Americas,14,157
2020,Natural,Hydrological,Flood,Colombia,South America,Americas,,26460
2020,Natural,Hydrological,Flood,Australia,Australia and New Zealand,Oceania,1,
2020,Natural,Hydrological,Landslide,China,Eastern Asia,Asia,4,20000
2020,Natural,Hydrological,Landslide,Colombia,South America,Americas,18,12
2020,Natural,Climatological,Drought,Angola,Middle Africa,Africa,,1643316
2020,Natural,Climatological,Drought,Burkina Faso,Western Africa,Africa,,2900000
2020,Natural,Hydrological,Flood,China,Eastern Asia,Asia,13,120
2020,Natural,Hydrological,Flood,Congo (the),Middle Africa,Africa,20,
2020,Natural,Hydrological,Flood,Afghanistan,Southern Asia,Asia,56,18031
2020,Natural,Hydrological,Flood,Afghanistan,Southern Asia,Asia,4,5500
2020,Natural,Hydrological,Flood,Afghanistan,Southern Asia,Asia,16,100
2020,Natural,Hydrological,Flood,Afghanistan,Southern Asia,Asia,212,20445
2020,Natural,Hydrological,Landslide,Afghanistan,Southern Asia,Asia,22,260
2020,Natural,Hydrological,Flood,Afghanistan,Southern Asia,Asia,5,
2020,Natural,Hydrological,Flood,Angola,Middle Africa,Africa,30,10600
2020,Natural,Hydrological,Flood,Angola,Middle Africa,Africa,3,10000
2020,Natural,Hydrological,Flood,Argentina,South America,Americas,3,3000
2020,Natural,Hydrological,Flood,Burundi,Eastern Africa,Africa,3,9762
2020,Natural,Hydrological,Flood,Burundi,Eastern Africa,Africa,,27000
2020,Natural,Hydrological,Flood,Benin,Western Africa,Africa,6,7000
2020,Natural,Hydrological,Flood,Burkina Faso,Western Africa,Africa,,21000
2020,Natural,Hydrological,Flood,Burkina Faso,Western Africa,Africa,,18024
2020,Natural,Hydrological,Flood,Burkina Faso,Western Africa,Africa,13,91428
2020,Natural,Climatological,Wildfire,Bolivia (Plurinational State of),South America,Americas,5,126000
2020,Natural,Climatological,Drought,Brazil,South America,Americas,,
2020,Natural,Hydrological,Flood,Canada,Northern America,Americas,1,12936
2020,Natural,Geophysical,Earthquake,China,Eastern Asia,Asia,4,3324
2020,Natural,Climatological,Wildfire,China,Eastern Asia,Asia,19,1200
2020,Natural,Hydrological,Flood,China,Eastern Asia,Asia,22,10000000
2020,Natural,Hydrological,Flood,China,Eastern Asia,Asia,3,74000
2020,Natural,Hydrological,Flood,China,Eastern Asia,Asia,280,4200000
2020,Natural,Hydrological,Flood,China,Eastern Asia,Asia,92,
2020,Natural,Hydrological,Flood,Cameroon,Middle Africa,Africa,,26402
2020,Natural,Hydrological,Flood,Congo (the),Middle Africa,Africa,,66000
2020,Natural,Hydrological,Flood,Colombia,South America,Americas,11,30000
2020,Natural,Hydrological,Flood,Djibouti,Eastern Africa,Africa,8,110000
2020,Natural,Geophysical,Earthquake,Algeria,Northern Africa,Africa,,15000
2020,Natural,Geophysical,Volcanic activity,Ecuador,South America,Americas,,18685
2021,Natural,Hydrological,Flood,Austria,Western Europe,Europe,1,
2021,Natural,Hydrological,Flood,Bangladesh,Southern Asia,Asia,21,268744
2021,Natural,Hydrological,Flood,Bosnia and Herzegovina,Southern Europe,Europe,,250000
2021,Natural,Hydrological,Flood,Brazil,South America,Americas,2,2400
2021,Natural,Hydrological,Flood,Brazil,South America,Americas,2,107
2021,Natural,Hydrological,Flood,Brazil,South America,Americas,6,100000
2021,Natural,Hydrological,Flood,Bhutan,Southern Asia,Asia,10,
2021,Natural,Hydrological,Flood,Canada,Northern America,Americas,4,15000
2021,Natural,Hydrological,Flood,Chile,South America,Americas,,610
2021,Natural,Hydrological,Flood,China,Eastern Asia,Asia,21,286100
2021,Natural,Hydrological,Flood,Colombia,South America,Americas,3,365
2021,Natural,Hydrological,Flood,Colombia,South America,Americas,,1000
2021,Natural,Hydrological,Flood,Colombia,South America,Americas,5,150
2021,Natural,Hydrological,Flood,Colombia,South America,Americas,12,23717
2021,Natural,Hydrological,Flood,Colombia,South America,Americas,2,850
2021,Natural,Hydrological,Flood,Germany,Western Europe,Europe,197,1000
2021,Natural,Hydrological,Flood,Benin,Western Africa,Africa,13,35850
2021,Natural,Hydrological,Flood,Bolivia (Plurinational State of),South America,Americas,10,7
2021,Natural,Hydrological,Flood,Czech Republic (the),Eastern Europe,Europe,,
2021,Natural,Hydrological,Flood,Brazil,South America,Americas,1,243
2021,Natural,Climatological,Wildfire,Bulgaria,Eastern Europe,Europe,,500
2021,Natural,Climatological,Wildfire,Canada,Northern America,Americas,2,250
2021,Natural,Climatological,Wildfire,Cyprus,Western Asia,Asia,4,150
2021,Natural,Climatological,Wildfire,Algeria,Northern Africa,Africa,90,42503
2021,Natural,Climatological,Drought,Afghanistan,Southern Asia,Asia,,11000000
2021,Natural,Hydrological,Landslide,Switzerland,Western Europe,Europe,17,
2021,Natural,Hydrological,Flood,Algeria,Northern Africa,Africa,3,420
2021,Natural,Hydrological,Flood,Afghanistan,Southern Asia,Asia,116,30833
2021,Natural,Hydrological,Flood,Afghanistan,Southern Asia,Asia,260,4200
2021,Natural,Hydrological,Landslide,Afghanistan,Southern Asia,Asia,20,
2021,Natural,Hydrological,Flood,Angola,Middle Africa,Africa,8,1770
2021,Natural,Hydrological,Flood,Angola,Middle Africa,Africa,14,8167
2021,Natural,Hydrological,Flood,Albania,Southern Europe,Europe,,84
2021,Natural,Geophysical,Earthquake,Argentina,South America,Americas,,1814
2021,Natural,Hydrological,Flood,Argentina,South America,Americas,,90
2021,Natural,Climatological,Wildfire,Argentina,South America,Americas,15,1207
2021,Natural,Hydrological,Flood,Australia,Australia and New Zealand,Oceania,2,600
2021,Natural,Climatological,Wildfire,Australia,Australia and New Zealand,Oceania,,243
2021,Natural,Hydrological,Flood,Australia,Australia and New Zealand,Oceania,,250
2021,Natural,Hydrological,Flood,Australia,Australia and New Zealand,Oceania,2,18000
2021,Natural,Hydrological,Flood,Australia,Australia and New Zealand,Oceania,2,1000
2021,Natural,Hydrological,Flood,Burundi,Eastern Africa,Africa,,47362
2021,Natural,Hydrological,Flood,Belgium,Western Europe,Europe,39,101950
2021,Natural,Hydrological,Flood,Bulgaria,Eastern Europe,Europe,,25
2021,Natural,Hydrological,Flood,Bolivia (Plurinational State of),South America,Americas,1,13000
2021,Natural,Hydrological,Flood,Bolivia (Plurinational State of),South America,Americas,8,77965
2021,Natural,Hydrological,Flood,Bolivia (Plurinational State of),South America,Americas,9,145000
2021,Natural,Hydrological,Flood,Bolivia (Plurinational State of),South America,Americas,,7500
2021,Natural,Hydrological,Flood,Bolivia (Plurinational State of),South America,Americas,7,125
2021,Natural,Hydrological,Flood,Bolivia (Plurinational State of),South America,Americas,15,60000
2021,Natural,Climatological,Drought,Brazil,South America,Americas,,
2021,Natural,Hydrological,Flood,Brazil,South America,Americas,,129
2021,Natural,Hydrological,Flood,Brazil,South America,Americas,,14000
2021,Natural,Hydrological,Flood,Brazil,South America,Americas,,455005
2021,Natural,Hydrological,Flood,Brazil,South America,Americas,51,1036166
2021,Natural,Geophysical,Earthquake,Bhutan,Southern Asia,Asia,,502
2021,Natural,Hydrological,Flood,Central African Republic,Middle Africa,Africa,,3957
2021,Natural,Hydrological,Flood,Switzerland,Western Europe,Europe,,
2021,Natural,Geophysical,Earthquake,China,Eastern Asia,Asia,3,195
2021,Natural,Geophysical,Earthquake,China,Eastern Asia,Asia,3,39028
2021,Natural,Geophysical,Earthquake,China,Eastern Asia,Asia,,8012
2021,Natural,Geophysical,Earthquake,China,Eastern Asia,Asia,3,24395
2021,Natural,Geophysical,Earthquake,China,Eastern Asia,Asia,,19210
2021,Natural,Hydrological,Flood,China,Eastern Asia,Asia,18,1760000
2021,Natural,Climatological,Drought,China,Eastern Asia,Asia,,
2021,Natural,Hydrological,Flood,China,Eastern Asia,Asia,,1080000
2021,Natural,Hydrological,Flood,China,Eastern Asia,Asia,352,14500000
2021,Natural,Hydrological,Flood,Congo (the),Middle Africa,Africa,24,46652
2021,Natural,Hydrological,Flood,Colombia,South America,Americas,,3274
2021,Natural,Hydrological,Flood,Colombia,South America,Americas,,301
2021,Natural,Hydrological,Flood,Colombia,South America,Americas,,4800
2021,Natural,Hydrological,Flood,Colombia,South America,Americas,,2000
2021,Natural,Hydrological,Landslide,Colombia,South America,Americas,20,10
2021,Natural,Hydrological,Flood,Colombia,South America,Americas,,14000
2021,Natural,Hydrological,Flood,Costa Rica,Central America,Americas,3,200000
2021,Natural,Hydrological,Flood,Algeria,Northern Africa,Africa,10,2500
2021,Natural,Geophysical,Earthquake,Ecuador,South America,Americas,,39
2022,Natural,Hydrological,Flood,Brazil,South America,Americas,15,32
2022,Natural,Hydrological,Flood,Brazil,South America,Americas,35,3012
2022,Natural,Hydrological,Flood,Brazil,South America,Americas,272,16083
2022,Natural,Hydrological,Flood,Brazil,South America,Americas,8,800
2022,Natural,Hydrological,Flood,Colombia,South America,Americas,1,1650
2022,Natural,Geophysical,Earthquake,Afghanistan,Southern Asia,Asia,28,4004
2022,Natural,Hydrological,Landslide,Afghanistan,Southern Asia,Asia,19,
2022,Natural,Climatological,Wildfire,Argentina,South America,Americas,,124085
2022,Natural,Hydrological,Flood,Australia,Australia and New Zealand,Oceania,2,200
2022,Natural,Hydrological,Flood,Australia,Australia and New Zealand,Oceania,22,54000
2022,Natural,Hydrological,Flood,Bolivia (Plurinational State of),South America,Americas,60,375000
2022,Natural,Geophysical,Earthquake,China,Eastern Asia,Asia,,29030
2022,Natural,Geophysical,Earthquake,China,Eastern Asia,Asia,,26499
2022,Natural,Hydrological,Landslide,China,Eastern Asia,Asia,13,3
2022,Natural,Hydrological,Landslide,Colombia,South America,Americas,19,9151
2022,Natural,Hydrological,Landslide,Colombia,South America,Americas,22,21521
2022,Natural,Hydrological,Flood,Dominican Republic (the),Caribbean,Americas,,210
2022,Natural,Hydrological,Flood,Dominican Republic (the),Caribbean,Americas,,257
2019,Natural,Hydrological,Landslide,Morocco,Northern Africa,Africa,15,
2019,Natural,Hydrological,Flood,Spain,Southern Europe,Europe,5,3
2019,Natural,Hydrological,Flood,France,Western Europe,Europe,5,102
2019,Natural,Hydrological,Flood,Indonesia,South-Eastern Asia,Asia,66,501110
2019,Natural,Hydrological,Flood,Indonesia,South-Eastern Asia,Asia,6,60000
2019,Natural,Hydrological,Flood,India,Southern Asia,Asia,12,27500
2019,Natural,Hydrological,Flood,Japan,Eastern Asia,Asia,1,302
2019,Natural,Hydrological,Flood,Japan,Eastern Asia,Asia,10,270
2019,Natural,Hydrological,Flood,Kenya,Eastern Africa,Africa,90,233339
2019,Natural,Hydrological,Flood,Sri Lanka,Southern Asia,Asia,1,136607
2019,Natural,Hydrological,Flood,Sri Lanka,Southern Asia,Asia,5,8200
2019,Natural,Hydrological,Flood,Sri Lanka,Southern Asia,Asia,12,155009
2019,Natural,Hydrological,Flood,Myanmar,South-Eastern Asia,Asia,115,1875
2019,Natural,Hydrological,Flood,Pakistan,Southern Asia,Asia,64,871
2019,Natural,Hydrological,Flood,Pakistan,Southern Asia,Asia,28,
2019,Natural,Hydrological,Flood,Pakistan,Southern Asia,Asia,26,4
2019,Natural,Hydrological,Flood,Pakistan,Southern Asia,Asia,16,
2019,Natural,Hydrological,Flood,Peru,South America,Americas,,900
2019,Natural,Climatological,Wildfire,Indonesia,South-Eastern Asia,Asia,,
2019,Natural,Hydrological,Flood,Spain,Southern Europe,Europe,7,3500
2019,Natural,Hydrological,Flood,Mozambique,Eastern Africa,Africa,28,58066
2019,Natural,Hydrological,Landslide,Kenya,Eastern Africa,Africa,97,120
2019,Natural,Hydrological,Landslide,Myanmar,South-Eastern Asia,Asia,13,
2019,Natural,Hydrological,Flood,Morocco,Northern Africa,Africa,17,29
2019,Natural,Hydrological,Flood,Ethiopia,Eastern Africa,Africa,,200000
2019,Natural,Hydrological,Landslide,Ethiopia,Eastern Africa,Africa,23,
2019,Natural,Geophysical,Earthquake,France,Western Europe,Europe,,754
2019,Natural,Hydrological,Flood,France,Western Europe,Europe,3,1000
2019,Natural,Hydrological,Flood,United Kingdom of Great Britain and Northern Ireland (the),Northern Europe,Europe,1,100
2019,Natural,Hydrological,Flood,Ghana,Western Africa,Africa,19,26102
2019,Natural,Hydrological,Flood,Haiti,Caribbean,Americas,6,1325
2019,Natural,Geophysical,Earthquake,Indonesia,South-Eastern Asia,Asia,6,2104
2019,Natural,Geophysical,Earthquake,Indonesia,South-Eastern Asia,Asia,31,247418
2019,Natural,Hydrological,Flood,Indonesia,South-Eastern Asia,Asia,14,5000
2019,Natural,Hydrological,Flood,Indonesia,South-Eastern Asia,Asia,,9435
2019,Natural,Hydrological,Flood,India,Southern Asia,Asia,32,17500
2019,Natural,Hydrological,Flood,India,Southern Asia,Asia,27,25000
2019,Natural,Geophysical,Earthquake,Iran (Islamic Republic of),Southern Asia,Asia,6,23084
2019,Natural,Hydrological,Flood,Iran (Islamic Republic of),Southern Asia,Asia,1,106
2019,Natural,Hydrological,Flood,Cambodia,South-Eastern Asia,Asia,12,435000
2019,Natural,Climatological,Drought,Lao People's Democratic Republic (the),South-Eastern Asia,Asia,,
2019,Natural,Hydrological,Flood,Lao People's Democratic Republic (the),South-Eastern Asia,Asia,19,507500
2019,Natural,Climatological,Drought,Sri Lanka,Southern Asia,Asia,,222091
2019,Natural,Hydrological,Flood,Sri Lanka,Southern Asia,Asia,3,65322
2019,Natural,Hydrological,Flood,Sri Lanka,Southern Asia,Asia,9,167436
2019,Natural,Climatological,Drought,Lesotho,Southern Africa,Africa,,433000
2019,Natural,Hydrological,Flood,Morocco,Northern Africa,Africa,7,200
2019,Natural,Hydrological,Flood,Mexico,Central America,Americas,3,500
2019,Natural,Hydrological,Flood,Mali,Western Africa,Africa,,6474
2019,Natural,Hydrological,Flood,Myanmar,South-Eastern Asia,Asia,,6200
2019,Natural,Hydrological,Flood,Mauritania,Western Africa,Africa,3,33600
2019,Natural,Hydrological,Flood,Malaysia,South-Eastern Asia,Asia,,2412
2019,Natural,Hydrological,Flood,Malaysia,South-Eastern Asia,Asia,2,15000
2019,Natural,Hydrological,Flood,Malaysia,South-Eastern Asia,Asia,,4065
2019,Natural,Hydrological,Flood,Niger (the),Western Africa,Africa,52,200000
2019,Natural,Hydrological,Flood,Niger (the),Western Africa,Africa,,23000
2019,Natural,Hydrological,Flood,Nigeria,Western Africa,Africa,12,18640
2019,Natural,Hydrological,Flood,Nigeria,Western Africa,Africa,12,52500
2019,Natural,Hydrological,Landslide,Norway,Northern Europe,Europe,1,150
2019,Natural,Geophysical,Volcanic activity,New Zealand,Australia and New Zealand,Oceania,21,23
2019,Natural,Geophysical,Earthquake,Pakistan,Southern Asia,Asia,39,130398
2019,Natural,Hydrological,Flood,Pakistan,Southern Asia,Asia,16,
2019,Natural,Hydrological,Flood,Pakistan,Southern Asia,Asia,11,
2019,Natural,Geophysical,Volcanic activity,Peru,South America,Americas,,30000
2019,Natural,Climatological,Wildfire,Peru,South America,Americas,,
2019,Natural,Geophysical,Earthquake,Philippines (the),South-Eastern Asia,Asia,,9577
2019,Natural,Geophysical,Earthquake,Philippines (the),South-Eastern Asia,Asia,9,3027
2019,Natural,Geophysical,Earthquake,Philippines (the),South-Eastern Asia,Asia,7,3283
2019,Natural,Geophysical,Earthquake,Philippines (the),South-Eastern Asia,Asia,10,26025
2020,Natural,Hydrological,Flood,Guatemala,Central America,Americas,3,16000
2020,Natural,Hydrological,Flood,Kazakhstan,Central Asia,Asia,,33000
2020,Natural,Hydrological,Flood,Italy,Southern Europe,Europe,2,453
2020,Natural,Hydrological,Flood,Pakistan,Southern Asia,Asia,66,4836
2020,Natural,Climatological,Drought,Madagascar,Eastern Africa,Africa,,1680000
2020,Natural,Hydrological,Flood,Guatemala,Central America,Americas,,4070
2020,Natural,Hydrological,Flood,Indonesia,South-Eastern Asia,Asia,4,100
2020,Natural,Hydrological,Flood,Indonesia,South-Eastern Asia,Asia,7,12003
2020,Natural,Hydrological,Flood,Indonesia,South-Eastern Asia,Asia,2,1852
2020,Natural,Hydrological,Flood,Indonesia,South-Eastern Asia,Asia,6,115000
2020,Natural,Hydrological,Flood,Indonesia,South-Eastern Asia,Asia,,2000
2020,Natural,Hydrological,Flood,Indonesia,South-Eastern Asia,Asia,7,3805
2020,Natural,Hydrological,Flood,Indonesia,South-Eastern Asia,Asia,105,14534
2020,Natural,Hydrological,Flood,Indonesia,South-Eastern Asia,Asia,15,10000
2020,Natural,Hydrological,Flood,India,Southern Asia,Asia,1,30002
2020,Natural,Hydrological,Flood,India,Southern Asia,Asia,1922,1300000
2020,Natural,Hydrological,Flood,Italy,Southern Europe,Europe,3,250
2020,Natural,Hydrological,Flood,Japan,Eastern Asia,Asia,82,250114
2020,Natural,Hydrological,Flood,Kenya,Eastern Africa,Africa,285,810655
2020,Natural,Hydrological,Flood,Korea (the Republic of),Eastern Asia,Asia,42,6000
2020,Natural,Hydrological,Flood,Madagascar,Eastern Africa,Africa,40,106846
2020,Natural,Hydrological,Flood,Mexico,Central America,Americas,3,5100
2020,Natural,Hydrological,Flood,Mexico,Central America,Americas,27,90000
2020,Natural,Hydrological,Flood,Malaysia,South-Eastern Asia,Asia,,2000
2020,Natural,Hydrological,Flood,Nepal,Southern Asia,Asia,448,117677
2020,Natural,Hydrological,Flood,Pakistan,Southern Asia,Asia,410,1550170
2020,Natural,Hydrological,Flood,Peru,South America,Americas,,240
2020,Natural,Hydrological,Flood,Peru,South America,Americas,15,6461
2020,Natural,Hydrological,Flood,Peru,South America,Americas,,550
2020,Natural,Hydrological,Flood,Indonesia,South-Eastern Asia,Asia,10,
2020,Natural,Hydrological,Landslide,Myanmar,South-Eastern Asia,Asia,174,1554
2020,Natural,Hydrological,Flood,Nigeria,Western Africa,Africa,4,300
2020,Natural,Hydrological,Flood,Myanmar,South-Eastern Asia,Asia,,25000
2020,Natural,Hydrological,Flood,Honduras,Central America,Americas,3,17700
2020,Natural,Hydrological,Flood,Israel,Western Asia,Asia,7,
2020,Natural,Hydrological,Landslide,Peru,South America,Americas,15,13
2020,Natural,Climatological,Drought,Kenya,Eastern Africa,Africa,,4500000
2020,Natural,Climatological,Drought,Lesotho,Southern Africa,Africa,,766000
2020,Natural,Climatological,Drought,Mali,Western Africa,Africa,,6800000
2020,Natural,Climatological,Drought,Mozambique,Eastern Africa,Africa,,2700000
2020,Natural,Climatological,Drought,Mauritania,Western Africa,Africa,,1400000
2020,Natural,Climatological,Drought,Niger (the),Western Africa,Africa,,3700000
2020,Natural,Hydrological,Flood,Iran (Islamic Republic of),Southern Asia,Asia,,4900
2020,Natural,Hydrological,Flood,Egypt,Northern Africa,Africa,40,20400
2020,Natural,Hydrological,Flood,Ecuador,South America,Americas,,
2020,Natural,Hydrological,Landslide,Ethiopia,Eastern Africa,Africa,12,
2020,Natural,Hydrological,Flood,Ethiopia,Eastern Africa,Africa,12,219000
2020,Natural,Hydrological,Landslide,Ethiopia,Eastern Africa,Africa,10,
2020,Natural,Hydrological,Flood,Ethiopia,Eastern Africa,Africa,,1010854
2020,Natural,Hydrological,Flood,France,Western Europe,Europe,,200
2020,Natural,Hydrological,Flood,France,Western Europe,Europe,2,421
2020,Natural,Hydrological,Flood,France,Western Europe,Europe,,285
2020,Natural,Hydrological,Flood,United Kingdom of Great Britain and Northern Ireland (the),Northern Europe,Europe,,480
2020,Natural,Hydrological,Flood,Georgia,Western Asia,Asia,,5133
2020,Natural,Hydrological,Flood,Ghana,Western Africa,Africa,3,200
2020,Natural,Hydrological,Flood,Ghana,Western Africa,Africa,4,
2020,Natural,Hydrological,Flood,Guinea,Western Africa,Africa,,49541
2020,Natural,Geophysical,Earthquake,Greece,Southern Europe,Europe,2,919
2020,Natural,Hydrological,Flood,Greece,Southern Europe,Europe,,570
2020,Natural,Hydrological,Flood,Greece,Southern Europe,Europe,8,600
2020,Natural,Hydrological,Flood,French Guiana,South America,Americas,,139
2020,Natural,Geophysical,Earthquake,Croatia,Southern Europe,Europe,1,78942
2020,Natural,Geophysical,Earthquake,Croatia,Southern Europe,Europe,8,149407
2020,Natural,Geophysical,Earthquake,Indonesia,South-Eastern Asia,Asia,,1560
2020,Natural,Geophysical,Volcanic activity,Indonesia,South-Eastern Asia,Asia,,19736
2020,Natural,Geophysical,Volcanic activity,Indonesia,South-Eastern Asia,Asia,,550
2020,Natural,Hydrological,Flood,Indonesia,South-Eastern Asia,Asia,2,40000
2020,Natural,Hydrological,Flood,Indonesia,South-Eastern Asia,Asia,,25000
2020,Natural,Hydrological,Flood,Indonesia,South-Eastern Asia,Asia,4,41837
2020,Natural,Hydrological,Flood,Indonesia,South-Eastern Asia,Asia,,23461
2020,Natural,Hydrological,Flood,Indonesia,South-Eastern Asia,Asia,,18200
2020,Natural,Hydrological,Flood,Indonesia,South-Eastern Asia,Asia,,10905
2020,Natural,Hydrological,Landslide,Indonesia,South-Eastern Asia,Asia,11,170
2020,Natural,Hydrological,Flood,Indonesia,South-Eastern Asia,Asia,,7213
2020,Natural,Hydrological,Flood,Indonesia,South-Eastern Asia,Asia,10,75000
2020,Natural,Hydrological,Flood,Indonesia,South-Eastern Asia,Asia,9,2122
2020,Natural,Hydrological,Flood,Indonesia,South-Eastern Asia,Asia,10,112000
2020,Natural,Hydrological,Flood,Indonesia,South-Eastern Asia,Asia,,84609
2020,Natural,Hydrological,Flood,Indonesia,South-Eastern Asia,Asia,1,56488
2020,Natural,Hydrological,Flood,Indonesia,South-Eastern Asia,Asia,2,110000
2020,Natural,Hydrological,Flood,Indonesia,South-Eastern Asia,Asia,,1835
2020,Natural,Hydrological,Flood,Indonesia,South-Eastern Asia,Asia,,10000
2020,Natural,Hydrological,Flood,Indonesia,South-Eastern Asia,Asia,5,110000
2020,Natural,Hydrological,Landslide,India,Southern Asia,Asia,21,155850
2020,Natural,Hydrological,Landslide,India,Southern Asia,Asia,70,
2020,Natural,Hydrological,Flood,India,Southern Asia,Asia,29,
2020,Natural,Hydrological,Flood,India,Southern Asia,Asia,,5000
2020,Natural,Hydrological,Flood,India,Southern Asia,Asia,152,150000
2020,Natural,Geophysical,Earthquake,Iran (Islamic Republic of),Southern Asia,Asia,,15075
2020,Natural,Hydrological,Landslide,Iran (Islamic Republic of),Southern Asia,Asia,12,
2020,Natural,Hydrological,Flood,Iran (Islamic Republic of),Southern Asia,Asia,4,196152
2020,Natural,Hydrological,Flood,Iran (Islamic Republic of),Southern Asia,Asia,,24000
2020,Natural,Hydrological,Flood,Iran (Islamic Republic of),Southern Asia,Asia,21,22
2020,Natural,Hydrological,Flood,Iran (Islamic Republic of),Southern Asia,Asia,8,2501
2020,Natural,Hydrological,Flood,Iran (Islamic Republic of),Southern Asia,Asia,7,1000
2020,Natural,Hydrological,Flood,Iraq,Western Asia,Asia,8,1500
2020,Natural,Climatological,Wildfire,Israel,Western Asia,Asia,,21
2020,Natural,Hydrological,Landslide,Italy,Southern Europe,Europe,3,182
2020,Natural,Hydrological,Flood,Italy,Southern Europe,Europe,,200
2020,Natural,Hydrological,Flood,Korea (the Republic of),Eastern Asia,Asia,10,9000
2020,Natural,Climatological,Wildfire,Lebanon,Western Asia,Asia,,
2020,Natural,Hydrological,Flood,Sri Lanka,Southern Asia,Asia,3,40000
2020,Natural,Hydrological,Flood,Sri Lanka,Southern Asia,Asia,3,111665
2020,Natural,Geophysical,Earthquake,Mexico,Central America,Americas,10,24393
2020,Natural,Hydrological,Flood,Mongolia,Eastern Asia,Asia,8,12000
2020,Natural,Hydrological,Flood,Mongolia,Eastern Asia,Asia,,13875
2020,Natural,Hydrological,Flood,Mongolia,Eastern Asia,Asia,2,1230
2020,Natural,Hydrological,Flood,Mozambique,Eastern Africa,Africa,2,8700
2020,Natural,Hydrological,Flood,Mozambique,Eastern Africa,Africa,22,145000
2020,Natural,Hydrological,Flood,Mauritania,Western Africa,Africa,9,10700
2020,Natural,Hydrological,Flood,Mauritania,Western Africa,Africa,,9282
2020,Natural,Hydrological,Flood,Malawi,Eastern Africa,Africa,1,2250
2020,Natural,Hydrological,Flood,Malaysia,South-Eastern Asia,Asia,,9273
2020,Natural,Hydrological,Flood,Malaysia,South-Eastern Asia,Asia,,9000
2020,Natural,Hydrological,Flood,Malaysia,South-Eastern Asia,Asia,,1210
2020,Natural,Hydrological,Flood,Malaysia,South-Eastern Asia,Asia,,400
2020,Natural,Hydrological,Flood,Namibia,Southern Africa,Africa,,1000
2020,Natural,Hydrological,Flood,Niger (the),Western Africa,Africa,73,632608
2020,Natural,Hydrological,Flood,Niger (the),Western Africa,Africa,10,50012
2020,Natural,Hydrological,Flood,Nigeria,Western Africa,Africa,30,
2020,Natural,Hydrological,Flood,Nigeria,Western Africa,Africa,155,193425
2020,Natural,Hydrological,Landslide,Norway,Northern Europe,Europe,10,1010
2020,Natural,Climatological,Wildfire,New Zealand,Australia and New Zealand,Oceania,,195
2020,Natural,Hydrological,Flood,New Zealand,Australia and New Zealand,Oceania,,2400
2020,Natural,Hydrological,Flood,New Zealand,Australia and New Zealand,Oceania,,300
2020,Natural,Hydrological,Flood,Oman,Western Asia,Asia,3,100
2020,Natural,Hydrological,Landslide,Pakistan,Southern Asia,Asia,16,
2020,Natural,Hydrological,Flood,Pakistan,Southern Asia,Asia,24,179
2020,Natural,Hydrological,Flood,Pakistan,Southern Asia,Asia,7,5000
2020,Natural,Hydrological,Flood,Panama,Central America,Americas,11,150
2021,Natural,Hydrological,Flood,Nepal,Southern Asia,Asia,13,1010
2021,Natural,Hydrological,Flood,Pakistan,Southern Asia,Asia,19,4
2021,Natural,Hydrological,Landslide,India,Southern Asia,Asia,33,
2021,Natural,Hydrological,Flood,Italy,Southern Europe,Europe,1,
2021,Natural,Hydrological,Flood,Spain,Southern Europe,Europe,1,100
2021,Natural,Hydrological,Flood,Egypt,Northern Africa,Africa,3,6235
2021,Natural,Hydrological,Flood,Iraq,Western Asia,Asia,2,3203
2021,Natural,Hydrological,Flood,Sri Lanka,Southern Asia,Asia,,50190
2021,Natural,Hydrological,Flood,Ecuador,South America,Americas,6,18003
2021,Natural,Hydrological,Flood,France,Western Europe,Europe,,240
2021,Natural,Hydrological,Flood,France,Western Europe,Europe,,100
2021,Natural,Hydrological,Flood,Georgia,Western Asia,Asia,,1780
2021,Natural,Hydrological,Flood,Guatemala,Central America,Americas,,2245
2021,Natural,Hydrological,Flood,Guatemala,Central America,Americas,2,11799
2021,Natural,Geophysical,Earthquake,Indonesia,South-Eastern Asia,Asia,110,100653
2021,Natural,Hydrological,Flood,Indonesia,South-Eastern Asia,Asia,21,126025
2021,Natural,Hydrological,Flood,Indonesia,South-Eastern Asia,Asia,,1974
2021,Natural,Hydrological,Flood,Indonesia,South-Eastern Asia,Asia,,75506
2021,Natural,Hydrological,Flood,Indonesia,South-Eastern Asia,Asia,,6408
2021,Natural,Hydrological,Flood,Indonesia,South-Eastern Asia,Asia,9,62900
2021,Natural,Hydrological,Flood,Indonesia,South-Eastern Asia,Asia,,11839
2021,Natural,Hydrological,Flood,Indonesia,South-Eastern Asia,Asia,,43000
2021,Natural,Climatological,Glacial lake outburst,India,Southern Asia,Asia,16,24
2021,Natural,Hydrological,Flood,India,Southern Asia,Asia,1282,375000
2021,Natural,Hydrological,Flood,India,Southern Asia,Asia,57,1402
2021,Natural,Hydrological,Flood,Japan,Eastern Asia,Asia,,300
2021,Natural,Hydrological,Flood,Japan,Eastern Asia,Asia,12,30000
2021,Natural,Hydrological,Flood,Cambodia,South-Eastern Asia,Asia,,225
2021,Natural,Hydrological,Flood,Sri Lanka,Southern Asia,Asia,5,43704
2021,Natural,Hydrological,Flood,Sri Lanka,Southern Asia,Asia,26,230004
2021,Natural,Hydrological,Flood,Luxembourg,Western Europe,Europe,,
2021,Natural,Hydrological,Flood,Madagascar,Eastern Africa,Africa,1,1400
2021,Natural,Hydrological,Flood,Malaysia,South-Eastern Asia,Asia,7,4828
2021,Natural,Hydrological,Flood,Malaysia,South-Eastern Asia,Asia,,1000
2021,Natural,Hydrological,Flood,Malaysia,South-Eastern Asia,Asia,2,255
2021,Natural,Hydrological,Flood,Nepal,Southern Asia,Asia,46,820
2021,Natural,Hydrological,Flood,Nepal,Southern Asia,Asia,74,2101
2021,Natural,Hydrological,Flood,Nepal,Southern Asia,Asia,118,10
2021,Natural,Hydrological,Flood,New Zealand,Australia and New Zealand,Oceania,,200
2021,Natural,Geophysical,Earthquake,Pakistan,Southern Asia,Asia,21,64100
2021,Natural,Hydrological,Flood,Panama,Central America,Americas,,3001
2021,Natural,Hydrological,Flood,Panama,Central America,Americas,1,27189
2021,Natural,Hydrological,Flood,Peru,South America,Americas,1,1875
2021,Natural,Hydrological,Flood,Peru,South America,Americas,10,12000
2021,Natural,Hydrological,Flood,Peru,South America,Americas,,561
2021,Natural,Hydrological,Flood,Peru,South America,Americas,,2595
2021,Natural,Hydrological,Flood,Peru,South America,Americas,,105
2021,Natural,Hydrological,Landslide,India,Southern Asia,Asia,35,13
2021,Natural,Geophysical,Earthquake,Indonesia,South-Eastern Asia,Asia,,750
2021,Natural,Geophysical,Earthquake,Mexico,Central America,Americas,3,21951
2021,Natural,Hydrological,Flood,India,Southern Asia,Asia,7,850000
2021,Natural,Hydrological,Flood,India,Southern Asia,Asia,62,74500
2021,Natural,Hydrological,Flood,Nigeria,Western Africa,Africa,,7500
2021,Natural,Hydrological,Flood,Pakistan,Southern Asia,Asia,2,256
2021,Natural,Climatological,Wildfire,Greece,Southern Europe,Europe,2,7500
2021,Natural,Climatological,Drought,Iraq,Western Asia,Asia,,7000000
2021,Natural,Climatological,Drought,Kazakhstan,Central Asia,Asia,,71000
2021,Natural,Climatological,Wildfire,Macedonia (the former Yugoslav Republic of),Southern Europe,Europe,1,80000
2021,Natural,Hydrological,Landslide,Indonesia,South-Eastern Asia,Asia,13,1470
2021,Natural,Climatological,Glacial lake outburst,India,Southern Asia,Asia,234,
2021,Natural,Climatological,Drought,Ethiopia,Eastern Africa,Africa,,6800000
2021,Natural,Hydrological,Flood,Spain,Southern Europe,Europe,2,150
2021,Natural,Hydrological,Flood,France,Western Europe,Europe,1,600
2021,Natural,Hydrological,Flood,France,Western Europe,Europe,,600
2021,Natural,Hydrological,Flood,Sri Lanka,Southern Asia,Asia,4,6000
2021,Natural,Hydrological,Flood,Malaysia,South-Eastern Asia,Asia,8,23776
2021,Natural,Geophysical,Volcanic activity,Ecuador,South America,Americas,,133306
2021,Natural,Hydrological,Flood,Ecuador,South America,Americas,,461
2021,Natural,Hydrological,Flood,Ethiopia,Eastern Africa,Africa,16,
2021,Natural,Hydrological,Flood,France,Western Europe,Europe,,305
2021,Natural,Hydrological,Flood,France,Western Europe,Europe,1,302
2021,Natural,Hydrological,Flood,Ghana,Western Africa,Africa,4,206
2021,Natural,Hydrological,Flood,Ghana,Western Africa,Africa,5,120
2021,Natural,Hydrological,Flood,Guinea,Western Africa,Africa,5,71664
2021,Natural,Geophysical,Earthquake,Greece,Southern Europe,Europe,,2711
2021,Natural,Geophysical,Earthquake,Greece,Southern Europe,Europe,1,2336
2021,Natural,Hydrological,Flood,Guatemala,Central America,Americas,,10572
2021,Natural,Hydrological,Flood,Guyana,South America,Americas,,34500
2021,Natural,Climatological,Wildfire,Honduras,Central America,Americas,,2503
2021,Natural,Geophysical,Earthquake,Haiti,Caribbean,Americas,2575,702763
2021,Natural,Hydrological,Flood,Haiti,Caribbean,Americas,7,13380
2021,Natural,Geophysical,Earthquake,Indonesia,South-Eastern Asia,Asia,9,5979
2021,Natural,Geophysical,Earthquake,Indonesia,South-Eastern Asia,Asia,3,4532
2021,Natural,Geophysical,Earthquake,Indonesia,South-Eastern Asia,Asia,,1737
2021,Natural,Geophysical,Volcanic activity,Indonesia,South-Eastern Asia,Asia,71,10992
2021,Natural,Geophysical,Volcanic activity,Indonesia,South-Eastern Asia,Asia,,1329
2021,Natural,Hydrological,Flood,Indonesia,South-Eastern Asia,Asia,9,1275
2021,Natural,Hydrological,Flood,Indonesia,South-Eastern Asia,Asia,3,10000
2021,Natural,Hydrological,Landslide,Indonesia,South-Eastern Asia,Asia,19,191
2021,Natural,Hydrological,Flood,Indonesia,South-Eastern Asia,Asia,2,25400
2021,Natural,Hydrological,Flood,Indonesia,South-Eastern Asia,Asia,7,228650
2021,Natural,Hydrological,Flood,Indonesia,South-Eastern Asia,Asia,1,90590
2021,Natural,Hydrological,Flood,Indonesia,South-Eastern Asia,Asia,,59800
2021,Natural,Hydrological,Flood,Indonesia,South-Eastern Asia,Asia,,79095
2021,Natural,Hydrological,Flood,Indonesia,South-Eastern Asia,Asia,,2226
2021,Natural,Hydrological,Flood,Indonesia,South-Eastern Asia,Asia,,11028
2021,Natural,Hydrological,Flood,Indonesia,South-Eastern Asia,Asia,6,78738
2021,Natural,Hydrological,Flood,Indonesia,South-Eastern Asia,Asia,2,27500
2021,Natural,Geophysical,Earthquake,India,Southern Asia,Asia,2,3010
2021,Natural,Hydrological,Flood,India,Southern Asia,Asia,37,122
2021,Natural,Hydrological,Flood,India,Southern Asia,Asia,59,1000
2021,Natural,Hydrological,Flood,India,Southern Asia,Asia,,7587
2021,Natural,Hydrological,Flood,India,Southern Asia,Asia,39,3950
2021,Natural,Hydrological,Flood,India,Southern Asia,Asia,14,11000
2021,Natural,Geophysical,Earthquake,Iran (Islamic Republic of),Southern Asia,Asia,2,257724
2021,Natural,Geophysical,Earthquake,Iran (Islamic Republic of),Southern Asia,Asia,,3543
2021,Natural,Geophysical,Earthquake,Iran (Islamic Republic of),Southern Asia,Asia,1,36588
2021,Natural,Hydrological,Flood,Iran (Islamic Republic of),Southern Asia,Asia,11,1810
2021,Natural,Climatological,Drought,Iran (Islamic Republic of),Southern Asia,Asia,,4900000
2021,Natural,Hydrological,Flood,Iraq,Western Asia,Asia,14,7500
2021,Natural,Climatological,Wildfire,Italy,Southern Europe,Europe,,11600
2021,Natural,Geophysical,Earthquake,Japan,Eastern Asia,Asia,1,7892
2021,Natural,Geophysical,Earthquake,Japan,Eastern Asia,Asia,,611
2021,Natural,Hydrological,Landslide,Japan,Eastern Asia,Asia,26,900
2021,Natural,Hydrological,Flood,Kenya,Eastern Africa,Africa,9,300000
2021,Natural,Hydrological,Landslide,Kyrgyzstan,Central Asia,Asia,15,
2021,Natural,Hydrological,Flood,Cambodia,South-Eastern Asia,Asia,,500
2021,Natural,Hydrological,Flood,Cambodia,South-Eastern Asia,Asia,,12500
2021,Natural,Geophysical,Earthquake,Lao People's Democratic Republic (the),South-Eastern Asia,Asia,,
2021,Natural,Hydrological,Flood,Morocco,Northern Africa,Africa,,1375
2021,Natural,Hydrological,Flood,Morocco,Northern Africa,Africa,24,10
2021,Natural,Hydrological,Flood,Mexico,Central America,Americas,19,1000
2021,Natural,Hydrological,Flood,Mexico,Central America,Americas,5,1020
2021,Natural,Hydrological,Flood,Mexico,Central America,Americas,6,10500
2021,Natural,Hydrological,Flood,Myanmar,South-Eastern Asia,Asia,,125000
2021,Natural,Hydrological,Flood,Mongolia,Eastern Asia,Asia,,6356
2021,Natural,Climatological,Drought,Mozambique,Eastern Africa,Africa,,1562771
2021,Natural,Hydrological,Flood,Mozambique,Eastern Africa,Africa,,11410
2021,Natural,Hydrological,Flood,Malaysia,South-Eastern Asia,Asia,56,120000
2021,Natural,Hydrological,Flood,Malaysia,South-Eastern Asia,Asia,6,3000
2021,Natural,Hydrological,Flood,Malaysia,South-Eastern Asia,Asia,,6000
2021,Natural,Hydrological,Flood,Malaysia,South-Eastern Asia,Asia,,5782
2021,Natural,Hydrological,Flood,Namibia,Southern Africa,Africa,,401
2021,Natural,Hydrological,Flood,Niger (the),Western Africa,Africa,62,105750
2021,Natural,Hydrological,Flood,Nigeria,Western Africa,Africa,4,830
2021,Natural,Hydrological,Flood,Netherlands (the),Western Europe,Europe,,
2021,Natural,Hydrological,Flood,New Zealand,Australia and New Zealand,Oceania,,750
2021,Natural,Hydrological,Flood,New Zealand,Australia and New Zealand,Oceania,,180
2021,Natural,Hydrological,Flood,Pakistan,Southern Asia,Asia,5,97
2021,Natural,Hydrological,Flood,Pakistan,Southern Asia,Asia,194,
2021,Natural,Geophysical,Earthquake,Peru,South America,Americas,,1421
2021,Natural,Geophysical,Earthquake,Peru,South America,Americas,,17912
2021,Natural,Hydrological,Flood,Peru,South America,Americas,10,84
2021,Natural,Hydrological,Flood,Peru,South America,Americas,1,9000
2021,Natural,Hydrological,Flood,Peru,South America,Americas,1,2984
2022,Natural,Geophysical,Volcanic activity,Peru,South America,Americas,2,
2022,Natural,Hydrological,Flood,Madagascar,Eastern Africa,Africa,34,62114
2022,Natural,Hydrological,Flood,Ecuador,South America,Americas,,600
2022,Natural,Hydrological,Flood,Indonesia,South-Eastern Asia,Asia,10,6500
2022,Natural,Hydrological,Flood,Indonesia,South-Eastern Asia,Asia,4,16003
2022,Natural,Hydrological,Flood,Peru,South America,Americas,1,500
2022,Natural,Hydrological,Flood,Ecuador,South America,Americas,29,7322
2022,Natural,Geophysical,Earthquake,Guatemala,Central America,Americas,3,31302
2022,Natural,Hydrological,Flood,Honduras,Central America,Americas,,1800
2022,Natural,Geophysical,Earthquake,Haiti,Caribbean,Americas,2,1017
2022,Natural,Hydrological,Flood,Haiti,Caribbean,Americas,2,500
2022,Natural,Hydrological,Flood,Haiti,Caribbean,Americas,5,12500
2022,Natural,Geophysical,Earthquake,Indonesia,South-Eastern Asia,Asia,,302
2022,Natural,Geophysical,Earthquake,Indonesia,South-Eastern Asia,Asia,,15390
2022,Natural,Geophysical,Earthquake,Indonesia,South-Eastern Asia,Asia,15,24903
2022,Natural,Geophysical,Volcanic activity,Indonesia,South-Eastern Asia,Asia,,253
2022,Natural,Hydrological,Flood,Indonesia,South-Eastern Asia,Asia,1,14700
2022,Natural,Hydrological,Flood,Indonesia,South-Eastern Asia,Asia,13,31800
2022,Natural,Hydrological,Flood,Iran (Islamic Republic of),Southern Asia,Asia,6,20014
2022,Natural,Hydrological,Flood,Iran (Islamic Republic of),Southern Asia,Asia,,18001
2022,Natural,Geophysical,Earthquake,Japan,Eastern Asia,Asia,3,741
2022,Natural,Climatological,Wildfire,Korea (the Republic of),Eastern Asia,Asia,,1080
2022,Natural,Climatological,Drought,Marshall Islands (the),Micronesia,Oceania,,4480
2022,Natural,Hydrological,Flood,Malaysia,South-Eastern Asia,Asia,6,26000
2022,Natural,Hydrological,Flood,Malaysia,South-Eastern Asia,Asia,,1290
2022,Natural,Geophysical,Earthquake,Peru,South America,Americas,,300
2018,Natural,Climatological,Drought,Senegal,Western Africa,Africa,,320000
2019,Natural,Hydrological,Flood,Russian Federation (the),Eastern Europe,Europe,28,14
2019,Natural,Hydrological,Flood,Sierra Leone,Western Africa,Africa,7,5000
2019,Natural,Hydrological,Flood,Turkey,Western Asia,Asia,7,220
2019,Natural,Hydrological,Flood,Uganda,Eastern Africa,Africa,36,6000
2019,Natural,Hydrological,Flood,Uganda,Eastern Africa,Africa,65,65250
2019,Natural,Hydrological,Flood,Viet Nam,South-Eastern Asia,Asia,27,500
2019,Natural,Hydrological,Flood,Viet Nam,South-Eastern Asia,Asia,3,26255
2019,Natural,Hydrological,Flood,Yemen,Western Asia,Asia,12,500
2019,Natural,Hydrological,Landslide,Chad,Middle Africa,Africa,52,37
2019,Natural,Hydrological,Landslide,Uganda,Eastern Africa,Africa,20,
2019,Natural,Climatological,Drought,Zambia,Eastern Africa,Africa,,1430000
2019,Natural,Geophysical,Earthquake,Philippines (the),South-Eastern Asia,Asia,23,260703
2019,Natural,Geophysical,Earthquake,Philippines (the),South-Eastern Asia,Asia,14,394565
2019,Natural,Climatological,Wildfire,Paraguay,South America,Americas,,4000
2019,Natural,Climatological,Wildfire,Russian Federation (the),Eastern Europe,Europe,,
2019,Natural,Hydrological,Flood,Russian Federation (the),Eastern Europe,Europe,,10000
2019,Natural,Hydrological,Flood,Russian Federation (the),Eastern Europe,Europe,,7000
2019,Natural,Hydrological,Flood,Rwanda,Eastern Africa,Africa,16,5393
2019,Natural,Hydrological,Flood,Rwanda,Eastern Africa,Africa,12,565
2019,Natural,Hydrological,Flood,Saudi Arabia,Western Asia,Asia,7,1111
2019,Natural,Hydrological,Flood,Sudan (the),Northern Africa,Africa,78,346300
2019,Natural,Hydrological,Flood,Senegal,Western Africa,Africa,6,8968
2019,Natural,Hydrological,Flood,Sierra Leone,Western Africa,Africa,,5381
2019,Natural,Hydrological,Flood,Somalia,Eastern Africa,Africa,17,500000
2019,Natural,Climatological,Drought,Eswatini,Southern Africa,Africa,,232000
2019,Natural,Hydrological,Flood,Chad,Middle Africa,Africa,,423
2019,Natural,Climatological,Drought,Thailand,South-Eastern Asia,Asia,,
2019,Natural,Hydrological,Flood,Thailand,South-Eastern Asia,Asia,19,158000
2019,Natural,Geophysical,Earthquake,Turkey,Western Asia,Asia,1,1453
2019,Natural,Hydrological,Flood,Turkey,Western Asia,Asia,1,15000
2019,Natural,Hydrological,Flood,"Tanzania, United Republic of",Eastern Africa,Africa,10,
2019,Natural,Hydrological,Flood,"Tanzania, United Republic of",Eastern Africa,Africa,18,
2019,Natural,Hydrological,Flood,"Tanzania, United Republic of",Eastern Africa,Africa,14,
2019,Natural,Hydrological,Landslide,Uganda,Eastern Africa,Africa,7,1000
2019,Natural,Hydrological,Flood,Uganda,Eastern Africa,Africa,3,4750
2019,Natural,Hydrological,Flood,Uruguay,South America,Americas,,270
2019,Natural,Climatological,Wildfire,United States of America (the),Northern America,Americas,3,603
2019,Natural,Climatological,Wildfire,United States of America (the),Northern America,Americas,,662
2019,Natural,Hydrological,Flood,Venezuela (Bolivarian Republic of),South America,Americas,6,2000
2019,Natural,Climatological,Drought,Viet Nam,South-Eastern Asia,Asia,,685558
2019,Natural,Hydrological,Flood,Viet Nam,South-Eastern Asia,Asia,12,61540
2019,Natural,Hydrological,Flood,Viet Nam,South-Eastern Asia,Asia,10,36450
2019,Natural,Climatological,Drought,South Africa,Southern Africa,Africa,,750000
2019,Natural,Hydrological,Flood,South Africa,Southern Africa,Africa,2,3500
2019,Natural,Hydrological,Flood,Congo (the Democratic Republic of the),Middle Africa,Africa,43,399894
2019,Natural,Hydrological,Landslide,Congo (the Democratic Republic of the),Middle Africa,Africa,24,
2019,Natural,Hydrological,Flood,South Sudan,Northern Africa,Africa,,700000
2020,Natural,Hydrological,Flood,Uzbekistan,Central Asia,Asia,4,70060
2020,Natural,Hydrological,Flood,Papua New Guinea,Melanesia,Oceania,12,700
2020,Natural,Geophysical,Earthquake,Puerto Rico,Caribbean,Americas,,150
2020,Natural,Hydrological,Flood,Rwanda,Eastern Africa,Africa,72,16210
2020,Natural,Hydrological,Flood,Rwanda,Eastern Africa,Africa,19,498
2020,Natural,Hydrological,Flood,Rwanda,Eastern Africa,Africa,9,
2020,Natural,Hydrological,Flood,Thailand,South-Eastern Asia,Asia,1,40000
2020,Natural,Hydrological,Flood,Thailand,South-Eastern Asia,Asia,1,139000
2020,Natural,Hydrological,Flood,"Tanzania, United Republic of",Eastern Africa,Africa,2,19323
2020,Natural,Hydrological,Flood,Uganda,Eastern Africa,Africa,3,100000
2020,Natural,Hydrological,Flood,Uganda,Eastern Africa,Africa,11,25000
2020,Natural,Hydrological,Flood,Uganda,Eastern Africa,Africa,7,2300
2020,Natural,Hydrological,Flood,Viet Nam,South-Eastern Asia,Asia,5,2621
2020,Natural,Hydrological,Flood,Congo (the Democratic Republic of the),Middle Africa,Africa,18,4
2020,Natural,Hydrological,Flood,Serbia,Southern Europe,Europe,,2100
2020,Natural,Hydrological,Flood,Cabo Verde,Western Africa,Africa,1,25000
2020,Natural,Geophysical,Earthquake,Puerto Rico,Caribbean,Americas,4,5078
2020,Natural,Hydrological,Flood,United States of America (the),Northern America,Americas,1,10000
2020,Natural,Hydrological,Flood,Zambia,Eastern Africa,Africa,3,4272
2020,Natural,Hydrological,Flood,Sudan (the),Northern Africa,Africa,155,875013
2020,Natural,Hydrological,Flood,Uruguay,South America,Americas,,360
2020,Natural,Hydrological,Flood,Yemen,Western Asia,Asia,2,23129
2020,Natural,Climatological,Drought,United States of America (the),Northern America,Americas,45,
2020,Natural,Climatological,Drought,Somalia,Eastern Africa,Africa,,7100000
2020,Natural,Hydrological,Flood,Rwanda,Eastern Africa,Africa,3,5242
2020,Natural,Geophysical,Earthquake,Philippines (the),South-Eastern Asia,Asia,1,4980
2020,Natural,Geophysical,Volcanic activity,Philippines (the),South-Eastern Asia,Asia,1,736802
2020,Natural,Hydrological,Landslide,Philippines (the),South-Eastern Asia,Asia,10,11
2020,Natural,Hydrological,Flood,Papua New Guinea,Melanesia,Oceania,7,200
2020,Natural,Hydrological,Flood,Papua New Guinea,Melanesia,Oceania,,60000
2020,Natural,Hydrological,Landslide,Papua New Guinea,Melanesia,Oceania,10,100
2020,Natural,Hydrological,Landslide,Papua New Guinea,Melanesia,Oceania,13,
2020,Natural,Hydrological,Flood,Poland,Eastern Europe,Europe,,390
2020,Natural,Hydrological,Flood,Korea (the Democratic People's Republic of),Eastern Asia,Asia,22,85000
2020,Natural,Hydrological,Flood,Romania,Eastern Europe,Europe,3,1161
2020,Natural,Hydrological,Flood,Rwanda,Eastern Africa,Africa,8,505
2020,Natural,Hydrological,Flood,Saudi Arabia,Western Asia,Asia,3,600
2020,Natural,Hydrological,Flood,Senegal,Western Africa,Africa,11,17000
2020,Natural,Hydrological,Landslide,El Salvador,Central America,Americas,42,525
2020,Natural,Hydrological,Flood,Somalia,Eastern Africa,Africa,6,191000
2020,Natural,Hydrological,Flood,Somalia,Eastern Africa,Africa,26,1000020
2020,Natural,Hydrological,Flood,Slovakia,Eastern Europe,Europe,1,250
2020,Natural,Climatological,Wildfire,Syrian Arab Republic,Western Asia,Asia,3,140079
2020,Natural,Hydrological,Flood,Chad,Middle Africa,Africa,,2062
2020,Natural,Hydrological,Flood,Chad,Middle Africa,Africa,3,34872
2020,Natural,Hydrological,Flood,Togo,Western Africa,Africa,11,57000
2020,Natural,Hydrological,Flood,Thailand,South-Eastern Asia,Asia,29,691659
2020,Natural,Hydrological,Flood,Tajikistan,Central Asia,Asia,2,2690
2020,Natural,Hydrological,Flood,Tunisia,Northern Africa,Africa,6,40000
2020,Natural,Geophysical,Earthquake,Turkey,Western Asia,Asia,41,70607
2020,Natural,Geophysical,Earthquake,Turkey,Western Asia,Asia,9,3050
2020,Natural,Geophysical,Earthquake,Turkey,Western Asia,Asia,1,6635
2020,Natural,Geophysical,Earthquake,Turkey,Western Asia,Asia,,278
2020,Natural,Geophysical,Earthquake,Turkey,Western Asia,Asia,115,6034
2020,Natural,Hydrological,Flood,Turkey,Western Asia,Asia,1,750
2020,Natural,Hydrological,Flood,Turkey,Western Asia,Asia,7,72
2020,Natural,Hydrological,Landslide,Turkey,Western Asia,Asia,41,84
2020,Natural,Hydrological,Flood,Turkey,Western Asia,Asia,16,
2020,Natural,Hydrological,Flood,"Tanzania, United Republic of",Eastern Africa,Africa,29,28258
2020,Natural,Hydrological,Flood,"Tanzania, United Republic of",Eastern Africa,Africa,12,
2020,Natural,Hydrological,Flood,"Tanzania, United Republic of",Eastern Africa,Africa,,17500
2020,Natural,Hydrological,Flood,Uganda,Eastern Africa,Africa,5,200
2020,Natural,Hydrological,Flood,Uganda,Eastern Africa,Africa,1,4000
2020,Natural,Climatological,Wildfire,Ukraine,Eastern Europe,Europe,5,300
2020,Natural,Climatological,Wildfire,Ukraine,Eastern Europe,Europe,11,1668
2020,Natural,Hydrological,Flood,Ukraine,Eastern Europe,Europe,3,55000
2020,Natural,Hydrological,Flood,United States of America (the),Northern America,Americas,,3000
2020,Natural,Climatological,Wildfire,United States of America (the),Northern America,Americas,32,
2020,Natural,Hydrological,Flood,Venezuela (Bolivarian Republic of),South America,Americas,3,3690
2020,Natural,Hydrological,Flood,Yemen,Western Asia,Asia,10,150030
2020,Natural,Hydrological,Flood,Yemen,Western Asia,Asia,16,215
2020,Natural,Hydrological,Flood,Yemen,Western Asia,Asia,20,9006
2020,Natural,Hydrological,Flood,Yemen,Western Asia,Asia,17,150
2020,Natural,Hydrological,Flood,South Africa,Southern Africa,Africa,3,200
2020,Natural,Hydrological,Flood,Congo (the Democratic Republic of the),Middle Africa,Africa,13,35422
2020,Natural,Hydrological,Flood,Congo (the Democratic Republic of the),Middle Africa,Africa,,30000
2020,Natural,Hydrological,Flood,Congo (the Democratic Republic of the),Middle Africa,Africa,,73000
2020,Natural,Hydrological,Flood,Congo (the Democratic Republic of the),Middle Africa,Africa,,500
2020,Natural,Hydrological,Flood,Congo (the Democratic Republic of the),Middle Africa,Africa,52,92580
2020,Natural,Hydrological,Flood,Zambia,Eastern Africa,Africa,,1500
2020,Natural,Hydrological,Flood,Zambia,Eastern Africa,Africa,,700000
2020,Natural,Hydrological,Flood,Timor-Leste,South-Eastern Asia,Asia,3,9131
2020,Natural,Hydrological,Flood,South Sudan,Northern Africa,Africa,,1042000
2021,Natural,Hydrological,Flood,Rwanda,Eastern Africa,Africa,,6500
2021,Natural,Hydrological,Flood,Uganda,Eastern Africa,Africa,1,42330
2021,Natural,Hydrological,Flood,Sao Tome and Principe,Middle Africa,Africa,8,219668
2021,Natural,Hydrological,Flood,Philippines (the),South-Eastern Asia,Asia,2,261580
2021,Natural,Hydrological,Flood,Philippines (the),South-Eastern Asia,Asia,1,18170
2021,Natural,Hydrological,Flood,Paraguay,South America,Americas,10,2000
2021,Natural,Hydrological,Flood,El Salvador,Central America,Americas,5,300
2021,Natural,Hydrological,Flood,Thailand,South-Eastern Asia,Asia,10,298900
2021,Natural,Hydrological,Flood,Thailand,South-Eastern Asia,Asia,,25001
2021,Natural,Hydrological,Flood,Tajikistan,Central Asia,Asia,7,25010
2021,Natural,Hydrological,Flood,Turkey,Western Asia,Asia,70,2660
2021,Natural,Hydrological,Flood,Uganda,Eastern Africa,Africa,3,134
2021,Natural,Hydrological,Flood,United States of America (the),Northern America,Americas,1,51
2021,Natural,Hydrological,Flood,United States of America (the),Northern America,Americas,8,
2021,Natural,Hydrological,Flood,Venezuela (Bolivarian Republic of),South America,Americas,46,1400100
2021,Natural,Hydrological,Flood,Viet Nam,South-Eastern Asia,Asia,3,13603
2021,Natural,Hydrological,Flood,Viet Nam,South-Eastern Asia,Asia,18,300000
2021,Natural,Geophysical,Volcanic activity,Rwanda,Eastern Africa,Africa,,13365
2021,Natural,Geophysical,Volcanic activity,Congo (the Democratic Republic of the),Middle Africa,Africa,32,288404
2021,Natural,Hydrological,Flood,Slovakia,Eastern Europe,Europe,1,
2021,Natural,Hydrological,Flood,Poland,Eastern Europe,Europe,,
2021,Natural,Hydrological,Flood,Russian Federation (the),Eastern Europe,Europe,8,138
2021,Natural,Hydrological,Flood,United States of America (the),Northern America,Americas,9,
2021,Natural,Hydrological,Flood,United States of America (the),Northern America,Americas,,
2021,Natural,Climatological,Wildfire,Turkey,Western Asia,Asia,9,561088
2021,Natural,Climatological,Wildfire,Russian Federation (the),Eastern Europe,Europe,,120
2021,Natural,Climatological,Drought,Syrian Arab Republic,Western Asia,Asia,,5500000
2021,Natural,Climatological,Drought,South Africa,Southern Africa,Africa,,12000000
2021,Natural,Climatological,Drought,Zambia,Eastern Africa,Africa,,1580000
2021,Natural,Climatological,Drought,Zimbabwe,Eastern Africa,Africa,,167500
2021,Natural,Climatological,Drought,South Sudan,Northern Africa,Africa,,7723670
2021,Natural,Hydrological,Flood,Philippines (the),South-Eastern Asia,Asia,,24166
2021,Natural,Hydrological,Flood,Tunisia,Northern Africa,Africa,3,
2021,Natural,Hydrological,Flood,United States of America (the),Northern America,Americas,3,
2021,Natural,Hydrological,Flood,Philippines (the),South-Eastern Asia,Asia,2,38160
2021,Natural,Hydrological,Flood,Philippines (the),South-Eastern Asia,Asia,,3280
2021,Natural,Geophysical,Volcanic activity,Philippines (the),South-Eastern Asia,Asia,,22433
2021,Natural,Hydrological,Flood,Korea (the Democratic People's Republic of),Eastern Asia,Asia,,5000
2021,Natural,Hydrological,Flood,Paraguay,South America,Americas,,4000
2021,Natural,Hydrological,Flood,Romania,Eastern Europe,Europe,1,100
2021,Natural,Hydrological,Landslide,Russian Federation (the),Eastern Europe,Europe,6,3003
2021,Natural,Hydrological,Flood,Russian Federation (the),Eastern Europe,Europe,,24000
2021,Natural,Hydrological,Flood,Russian Federation (the),Eastern Europe,Europe,,4500
2021,Natural,Hydrological,Flood,Sudan (the),Northern Africa,Africa,52,303045
2021,Natural,Hydrological,Flood,Somalia,Eastern Africa,Africa,25,400000
2021,Natural,Geophysical,Volcanic activity,Canary Is,Southern Europe,Europe,1,6888
2021,Natural,Hydrological,Flood,Suriname,South America,Americas,,10100
2021,Natural,Hydrological,Flood,Slovenia,Southern Europe,Europe,,1500
2021,Natural,Hydrological,Flood,Sweden,Northern Europe,Europe,,13500
2021,Natural,Hydrological,Flood,Syrian Arab Republic,Western Asia,Asia,1,142003
2021,Natural,Hydrological,Flood,Chad,Middle Africa,Africa,32,269180
2021,Natural,Hydrological,Flood,Thailand,South-Eastern Asia,Asia,4,175493
2021,Natural,Hydrological,Flood,Thailand,South-Eastern Asia,Asia,,325400
2021,Natural,Hydrological,Flood,Thailand,South-Eastern Asia,Asia,,132900
2021,Natural,Geophysical,Earthquake,Tajikistan,Central Asia,Asia,5,100
2021,Natural,Hydrological,Landslide,Tajikistan,Central Asia,Asia,12,
2021,Natural,Climatological,Wildfire,Tunisia,Northern Africa,Africa,,1000
2021,Natural,Hydrological,Flood,Turkey,Western Asia,Asia,3,4500
2021,Natural,Climatological,Drought,Tuvalu,Polynesia,Oceania,,10204
2021,Natural,Hydrological,Flood,"Tanzania, United Republic of",Eastern Africa,Africa,1,2000
2021,Natural,Hydrological,Flood,Uganda,Eastern Africa,Africa,1,75000
2021,Natural,Hydrological,Flood,United States of America (the),Northern America,Americas,,636
2021,Natural,Hydrological,Flood,United States of America (the),Northern America,Americas,22,89
2021,Natural,Hydrological,Flood,United States of America (the),Northern America,Americas,1,600
2021,Natural,Hydrological,Flood,United States of America (the),Northern America,Americas,4,
2021,Natural,Climatological,Wildfire,United States of America (the),Northern America,Americas,3,1261
2021,Natural,Climatological,Wildfire,United States of America (the),Northern America,Americas,,2136
2021,Natural,Climatological,Drought,United States of America (the),Northern America,Americas,,
2021,Natural,Hydrological,Flood,United States of America (the),Northern America,Americas,1,
2021,Natural,Hydrological,Flood,United States of America (the),Northern America,Americas,8,
2021,Natural,Climatological,Wildfire,United States of America (the),Northern America,Americas,,178
2021,Natural,Climatological,Wildfire,United States of America (the),Northern America,Americas,,483
2021,Natural,Climatological,Wildfire,United States of America (the),Northern America,Americas,,378
2021,Natural,Hydrological,Flood,United States of America (the),Northern America,Americas,1,500
2021,Natural,Climatological,Wildfire,United States of America (the),Northern America,Americas,2,3654
2021,Natural,Hydrological,Landslide,Uzbekistan,Central Asia,Asia,8,6
2021,Natural,Geophysical,Volcanic activity,Saint Vincent and the Grenadines,Caribbean,Americas,,13300
2021,Natural,Hydrological,Flood,Venezuela (Bolivarian Republic of),South America,Americas,,1200
2021,Natural,Hydrological,Flood,Viet Nam,South-Eastern Asia,Asia,3,180
2021,Natural,Geophysical,Volcanic activity,Vanuatu,Melanesia,Oceania,,3383
2021,Natural,Hydrological,Flood,Yemen,Western Asia,Asia,13,22380
2021,Natural,Hydrological,Flood,Yemen,Western Asia,Asia,33,205828
2021,Natural,Hydrological,Flood,South Africa,Southern Africa,Africa,31,400
2021,Natural,Hydrological,Flood,Serbia,Southern Europe,Europe,,22
2021,Natural,Hydrological,Flood,South Sudan,Northern Africa,Africa,7,835000
2022,Natural,Hydrological,Flood,Indonesia,South-Eastern Asia,Asia,10,40002
2022,Natural,Hydrological,Flood,Georgia,Western Asia,Asia,,5200
2022,Natural,Hydrological,Flood,Rwanda,Eastern Africa,Africa,15,787
2022,Natural,Hydrological,Flood,Puerto Rico,Caribbean,Americas,,
2022,Natural,Hydrological,Flood,Uganda,Eastern Africa,Africa,9,1500
2022,Natural,Hydrological,Flood,Afghanistan,Southern Asia,Asia,20,810
2022,Natural,Hydrological,Flood,Afghanistan,Southern Asia,Asia,44,14554
2022,Natural,Hydrological,Flood,Bosnia and Herzegovina,Southern Europe,Europe,1,3000
2022,Natural,Hydrological,Flood,Brazil,South America,Americas,23,31500
2022,Natural,Hydrological,Flood,Brazil,South America,Americas,116,24304
2022,Natural,Hydrological,Flood,Brazil,South America,Americas,32,17500
2022,Natural,Geophysical,Earthquake,China,Eastern Asia,Asia,4,13541
2022,Natural,Hydrological,Flood,China,Eastern Asia,Asia,52,6200
2022,Natural,Hydrological,Flood,China,Eastern Asia,Asia,48,
2022,Natural,Hydrological,Flood,China,Eastern Asia,Asia,24,3000
2022,Natural,Hydrological,Flood,Côte d’Ivoire,Western Africa,Africa,13,11592
2022,Natural,Hydrological,Flood,Colombia,South America,Americas,10,5514
2022,Natural,Hydrological,Flood,Colombia,South America,Americas,20,25
2022,Natural,Hydrological,Flood,Colombia,South America,Americas,5,8101
2022,Natural,Hydrological,Flood,Colombia,South America,Americas,12,
2022,Natural,Hydrological,Flood,Colombia,South America,Americas,,5000
2022,Natural,Hydrological,Flood,Colombia,South America,Americas,26,44000
2022,Natural,Hydrological,Flood,Colombia,South America,Americas,7,270
2022,Natural,Hydrological,Flood,Ecuador,South America,Americas,3,600
2022,Natural,Hydrological,Flood,Ecuador,South America,Americas,4,108
2022,Natural,Hydrological,Flood,Guatemala,Central America,Americas,48,2890023
2022,Natural,Hydrological,Flood,Indonesia,South-Eastern Asia,Asia,,17201
2022,Natural,Hydrological,Flood,Indonesia,South-Eastern Asia,Asia,7,3126
2022,Natural,Hydrological,Flood,Indonesia,South-Eastern Asia,Asia,5,203
2022,Natural,Hydrological,Flood,Indonesia,South-Eastern Asia,Asia,3,7000
2022,Natural,Hydrological,Flood,Indonesia,South-Eastern Asia,Asia,,196745
2022,Natural,Hydrological,Flood,Indonesia,South-Eastern Asia,Asia,1,3210
2022,Natural,Geophysical,Volcanic activity,Tonga,Polynesia,Oceania,4,84176
2022,Natural,Hydrological,Flood,Colombia,South America,Americas,,167250
2022,Natural,Hydrological,Flood,Central African Republic,Middle Africa,Africa,16,118003
2022,Natural,Hydrological,Flood,Gambia (the),Western Africa,Africa,6,17201
2022,Natural,Hydrological,Flood,Indonesia,South-Eastern Asia,Asia,1,12500
2022,Natural,Climatological,Drought,China,Eastern Asia,Asia,,6100000
2022,Natural,Hydrological,Landslide,Cameroon,Middle Africa,Africa,5,250
2022,Natural,Climatological,Drought,Cabo Verde,Western Africa,Africa,,46093
2022,Natural,Climatological,Drought,Djibouti,Eastern Africa,Africa,,192168
2022,Natural,Hydrological,Flood,Thailand,South-Eastern Asia,Asia,6,60000
2022,Natural,Hydrological,Flood,Uruguay,South America,Americas,,
2022,Natural,Climatological,Wildfire,United States of America (the),Northern America,Americas,,108
2022,Natural,Hydrological,Flood,South Africa,Southern Africa,Africa,10,
2022,Natural,Hydrological,Flood,South Africa,Southern Africa,Africa,1,100
2022,Natural,Hydrological,Flood,South Africa,Southern Africa,Africa,3,138
2022,Natural,Hydrological,Flood,South Africa,Southern Africa,Africa,4,187
2022,Natural,Hydrological,Flood,Zambia,Eastern Africa,Africa,3,21582
2022,Natural,Hydrological,Flood,Zimbabwe,Eastern Africa,Africa,,
2022,Natural,Geophysical,Earthquake,Afghanistan,Southern Asia,Asia,1036,364623
2022,Natural,Hydrological,Flood,Afghanistan,Southern Asia,Asia,13,20
2022,Natural,Hydrological,Flood,Afghanistan,Southern Asia,Asia,180,18850
2022,Natural,Hydrological,Flood,Afghanistan,Southern Asia,Asia,19,1379
2022,Natural,Hydrological,Flood,Australia,Australia and New Zealand,Oceania,4,6012
2022,Natural,Hydrological,Flood,Australia,Australia and New Zealand,Oceania,1,85000
2022,Natural,Hydrological,Flood,Australia,Australia and New Zealand,Oceania,2,102000
2022,Natural,Hydrological,Flood,Benin,Western Africa,Africa,44,73000
2022,Natural,Climatological,Drought,Burkina Faso,Western Africa,Africa,,3500928
2022,Natural,Hydrological,Flood,Bangladesh,Southern Asia,Asia,141,7200000
2022,Natural,Hydrological,Flood,Bulgaria,Eastern Europe,Europe,,10937
2022,Natural,Geophysical,Earthquake,Bosnia and Herzegovina,Southern Europe,Europe,1,1052
2022,Natural,Climatological,Drought,Brazil,South America,Americas,,
2022,Natural,Hydrological,Flood,Brazil,South America,Americas,3,44000
2022,Natural,Hydrological,Flood,Brazil,South America,Americas,12,67500
2022,Natural,Hydrological,Flood,Brazil,South America,Americas,10,3000
2022,Natural,Hydrological,Flood,Brazil,South America,Americas,2,16350
2022,Natural,Climatological,Drought,Central African Republic,Middle Africa,Africa,,2221692
2022,Natural,Climatological,Wildfire,Central African Republic,Middle Africa,Africa,,30000
2022,Natural,Hydrological,Flood,Canada,Northern America,Americas,,1000
2022,Natural,Hydrological,Flood,Canada,Northern America,Americas,,1000
2022,Natural,Climatological,Wildfire,Chile,South America,Americas,2,8406
2022,Natural,Climatological,Wildfire,Chile,South America,Americas,1,184
2022,Natural,Geophysical,Earthquake,China,Eastern Asia,Asia,,784
2022,Natural,Geophysical,Earthquake,China,Eastern Asia,Asia,118,130400
2022,Natural,Hydrological,Flood,China,Eastern Asia,Asia,,
2022,Natural,Hydrological,Flood,Cameroon,Middle Africa,Africa,2,153095
2022,Natural,Hydrological,Landslide,Cameroon,Middle Africa,Africa,14,
2022,Natural,Climatological,Drought,Cameroon,Middle Africa,Africa,,2389127
2022,Natural,Hydrological,Flood,Congo (the),Middle Africa,Africa,,164679
2022,Natural,Hydrological,Landslide,Colombia,South America,Americas,,2018
2022,Natural,Hydrological,Landslide,Colombia,South America,Americas,34,6
2022,Natural,Hydrological,Flood,Cuba,Caribbean,Americas,3,2300
2022,Natural,Climatological,Wildfire,Algeria,Northern Africa,Africa,44,6768
2022,Natural,Geophysical,Earthquake,Ecuador,South America,Americas,1,7804
2022,Natural,Hydrological,Flood,Ecuador,South America,Americas,40,26749
2022,Natural,Climatological,Wildfire,Spain,Southern Europe,Europe,,3500
2022,Natural,Climatological,Drought,Ethiopia,Eastern Africa,Africa,,24100000
2022,Natural,Hydrological,Flood,Ethiopia,Eastern Africa,Africa,,264831
2022,Natural,Climatological,Drought,France,Western Europe,Europe,,
2022,Natural,Climatological,Drought,United Kingdom of Great Britain and Northern Ireland (the),Northern Europe,Europe,,
2022,Natural,Hydrological,Flood,Ghana,Western Africa,Africa,,5000
2022,Natural,Hydrological,Flood,Guinea,Western Africa,Africa,,49536
2022,Natural,Climatological,Wildfire,Greece,Southern Europe,Europe,,55000
2022,Natural,Hydrological,Flood,Guyana,South America,Americas,,500
2022,Natural,Hydrological,Flood,Honduras,Central America,Americas,9,76657
2022,Natural,Hydrological,Flood,Croatia,Southern Europe,Europe,,
2022,Natural,Geophysical,Earthquake,Indonesia,South-Eastern Asia,Asia,,6003
2022,Natural,Geophysical,Earthquake,Indonesia,South-Eastern Asia,Asia,334,2204645
2022,Natural,Geophysical,Volcanic activity,Indonesia,South-Eastern Asia,Asia,,2489
2022,Natural,Hydrological,Flood,Indonesia,South-Eastern Asia,Asia,,
2022,Natural,Hydrological,Landslide,India,Southern Asia,Asia,67,
2021,Natural,Climatological,Drought,"Tanzania, United Republic of",Eastern Africa,Africa,,497000
2022,Natural,Hydrological,Flood,Pakistan,Southern Asia,Asia,1739,33012865
2022,Natural,Hydrological,Flood,Sri Lanka,Southern Asia,Asia,3,61469
2022,Natural,Hydrological,Landslide,Nepal,Southern Asia,Asia,22,550
2022,Natural,Hydrological,Flood,Malawi,Eastern Africa,Africa,62,94185
2022,Natural,Hydrological,Flood,Philippines (the),South-Eastern Asia,Asia,3,1955
2022,Natural,Climatological,Wildfire,Portugal,Southern Europe,Europe,3,187
2022,Natural,Hydrological,Flood,India,Southern Asia,Asia,2035,1301260
2022,Natural,Hydrological,Landslide,Philippines (the),South-Eastern Asia,Asia,5,11712
2022,Natural,Hydrological,Flood,India,Southern Asia,Asia,63,800000
2022,Natural,Hydrological,Flood,Iran (Islamic Republic of),Southern Asia,Asia,92,126775
2022,Natural,Hydrological,Flood,Lao People's Democratic Republic (the),South-Eastern Asia,Asia,1,42552
2022,Natural,Hydrological,Flood,Niger (the),Western Africa,Africa,195,322185
2022,Natural,Hydrological,Flood,Nepal,Southern Asia,Asia,132,5500
2022,Natural,Hydrological,Flood,Nepal,Southern Asia,Asia,15,511
2022,Natural,Geophysical,Earthquake,Philippines (the),South-Eastern Asia,Asia,10,502856
2022,Natural,Hydrological,Flood,Philippines (the),South-Eastern Asia,Asia,70,600016
2022,Natural,Hydrological,Flood,Rwanda,Eastern Africa,Africa,11,513
2022,Natural,Hydrological,Flood,Sierra Leone,Western Africa,Africa,12,12982
2022,Natural,Hydrological,Flood,Trinidad and Tobago,Caribbean,Americas,,100000
2022,Natural,Hydrological,Flood,Turkey,Western Asia,Asia,3,
2022,Natural,Hydrological,Flood,United States of America (the),Northern America,Americas,,600
2022,Natural,Hydrological,Flood,Uzbekistan,Central Asia,Asia,5,165
2022,Natural,Hydrological,Flood,Venezuela (Bolivarian Republic of),South America,Americas,9,900
2022,Natural,Hydrological,Flood,Viet Nam,South-Eastern Asia,Asia,,226
2022,Natural,Hydrological,Flood,Viet Nam,South-Eastern Asia,Asia,13,2554
2022,Natural,Hydrological,Flood,Viet Nam,South-Eastern Asia,Asia,2,10000
2022,Natural,Hydrological,Flood,Viet Nam,South-Eastern Asia,Asia,5,10495
2022,Natural,Hydrological,Flood,South Africa,Southern Africa,Africa,544,142290
2022,Natural,Hydrological,Flood,Congo (the Democratic Republic of the),Middle Africa,Africa,9,
2022,Natural,Hydrological,Flood,Congo (the Democratic Republic of the),Middle Africa,Africa,7,176000
2022,Natural,Hydrological,Flood,Congo (the Democratic Republic of the),Middle Africa,Africa,32,
2022,Natural,Hydrological,Flood,Congo (the Democratic Republic of the),Middle Africa,Africa,175,84711
2022,Natural,Geophysical,Earthquake,Mexico,Central America,Americas,2,17886
2022,Natural,Hydrological,Flood,Somalia,Eastern Africa,Africa,,4416
2022,Natural,Climatological,Drought,Portugal,Southern Europe,Europe,,
2022,Natural,Climatological,Drought,United States of America (the),Northern America,Americas,136,
2022,Natural,Climatological,Wildfire,United States of America (the),Northern America,Americas,4,595
2022,Natural,Hydrological,Landslide,Italy,Southern Europe,Europe,12,235
2022,Natural,Hydrological,Landslide,Peru,South America,Americas,10,3113
2022,Natural,Hydrological,Landslide,Venezuela (Bolivarian Republic of),South America,Americas,106,64951
2022,Natural,Hydrological,Landslide,Venezuela (Bolivarian Republic of),South America,Americas,3,150
2022,Natural,Climatological,Drought,Niger (the),Western Africa,Africa,,4400000
2022,Natural,Climatological,Drought,Chad,Middle Africa,Africa,,2135362
2022,Natural,Climatological,Drought,Uganda,Eastern Africa,Africa,2465,518000
2022,Natural,Hydrological,Flood,India,Southern Asia,Asia,,
2022,Natural,Geophysical,Earthquake,Iran (Islamic Republic of),Southern Asia,Asia,5,22300
2022,Natural,Geophysical,Earthquake,Iran (Islamic Republic of),Southern Asia,Asia,,12565
2022,Natural,Climatological,Drought,Italy,Southern Europe,Europe,,
2022,Natural,Climatological,Glacial lake outburst,Italy,Southern Europe,Europe,11,
2022,Natural,Hydrological,Flood,Japan,Eastern Asia,Asia,2,11108
2022,Natural,Hydrological,Flood,Cambodia,South-Eastern Asia,Asia,15,167770
2022,Natural,Hydrological,Flood,Korea (the Republic of),Eastern Asia,Asia,14,11418
2022,Natural,Hydrological,Flood,Saint Lucia,Caribbean,Americas,,5500
2022,Natural,Hydrological,Flood,Sri Lanka,Southern Asia,Asia,8,82391
2022,Natural,Hydrological,Flood,Sri Lanka,Southern Asia,Asia,1,5478
2022,Natural,Geophysical,Earthquake,Mexico,Central America,Americas,3,18005
2022,Natural,Hydrological,Flood,Mexico,Central America,Americas,5,1050
2022,Natural,Hydrological,Flood,Mexico,Central America,Americas,8,2100
2022,Natural,Climatological,Drought,Mali,Western Africa,Africa,,1735753
2022,Natural,Hydrological,Flood,Mali,Western Africa,Africa,10,79012
2022,Natural,Hydrological,Flood,Mongolia,Eastern Asia,Asia,,4269
2022,Natural,Hydrological,Flood,Mozambique,Eastern Africa,Africa,88,78271
2022,Natural,Hydrological,Flood,Mauritania,Western Africa,Africa,14,28926
2022,Natural,Climatological,Drought,Malawi,Eastern Africa,Africa,,2678193
2022,Natural,Hydrological,Landslide,Malaysia,South-Eastern Asia,Asia,33,94
2022,Natural,Hydrological,Flood,Malaysia,South-Eastern Asia,Asia,3,228
2022,Natural,Hydrological,Flood,Malaysia,South-Eastern Asia,Asia,,
2022,Natural,Hydrological,Flood,Malaysia,South-Eastern Asia,Asia,8,60000
2022,Natural,Climatological,Drought,Nigeria,Western Africa,Africa,,19110398
2022,Natural,Hydrological,Flood,Nigeria,Western Africa,Africa,603,2802500
2022,Natural,Geophysical,Earthquake,Nepal,Southern Asia,Asia,6,30008
2022,Natural,Geophysical,Earthquake,Pakistan,Southern Asia,Asia,43,
2022,Natural,Climatological,Wildfire,Pakistan,Southern Asia,Asia,4,4004
2022,Natural,Hydrological,Flood,Panama,Central America,Americas,,150
2022,Natural,Geophysical,Earthquake,Peru,South America,Americas,,302
2022,Natural,Geophysical,Earthquake,Philippines (the),South-Eastern Asia,Asia,,147422
2022,Natural,Geophysical,Volcanic activity,Philippines (the),South-Eastern Asia,Asia,,10415
2022,Natural,Geophysical,Earthquake,Papua New Guinea,Melanesia,Oceania,7,1969
2022,Natural,Climatological,Wildfire,Russian Federation (the),Eastern Europe,Europe,16,2202
2022,Natural,Hydrological,Flood,Russian Federation (the),Eastern Europe,Europe,1,750
2022,Natural,Hydrological,Flood,Rwanda,Eastern Africa,Africa,3,
2022,Natural,Hydrological,Flood,Sudan (the),Northern Africa,Africa,146,349122
2022,Natural,Climatological,Drought,Sudan (the),Northern Africa,Africa,,11839300
2022,Natural,Hydrological,Flood,Senegal,Western Africa,Africa,,20010
2022,Natural,Hydrological,Flood,Suriname,South America,Americas,,9000
2022,Natural,Hydrological,Flood,Chad,Middle Africa,Africa,22,1100229
2022,Natural,Hydrological,Flood,Togo,Western Africa,Africa,,18596
2022,Natural,Hydrological,Flood,Thailand,South-Eastern Asia,Asia,,108500
2022,Natural,Hydrological,Flood,Thailand,South-Eastern Asia,Asia,,1380
2022,Natural,Hydrological,Flood,Thailand,South-Eastern Asia,Asia,,3900
2022,Natural,Hydrological,Flood,Thailand,South-Eastern Asia,Asia,2,2300
2022,Natural,Hydrological,Flood,Thailand,South-Eastern Asia,Asia,,63100
2022,Natural,Hydrological,Flood,Thailand,South-Eastern Asia,Asia,4,485908
2022,Natural,Hydrological,Flood,Thailand,South-Eastern Asia,Asia,,25605
2022,Natural,Hydrological,Flood,Thailand,South-Eastern Asia,Asia,7,630000
2022,Natural,Hydrological,Flood,Tunisia,Northern Africa,Africa,1,4000
2022,Natural,Geophysical,Earthquake,Turkey,Western Asia,Asia,2,306
2022,Natural,Hydrological,Flood,Turkey,Western Asia,Asia,,3000
2022,Natural,Hydrological,Flood,Turkey,Western Asia,Asia,,
2022,Natural,Geophysical,Earthquake,Taiwan (Province of China),Eastern Asia,Asia,1,140
2022,Natural,Hydrological,Flood,"Tanzania, United Republic of",Eastern Africa,Africa,10,1500
2022,Natural,Hydrological,Landslide,Uganda,Eastern Africa,Africa,19,1196
2022,Natural,Hydrological,Flood,Uganda,Eastern Africa,Africa,32,78338
2022,Natural,Hydrological,Flood,Uganda,Eastern Africa,Africa,16,130
2022,Natural,Geophysical,Earthquake,United States of America (the),Northern America,Americas,2,12
2022,Natural,Climatological,Wildfire,United States of America (the),Northern America,Americas,2,649
2022,Natural,Climatological,Wildfire,United States of America (the),Northern America,Americas,,894
2022,Natural,Hydrological,Flood,United States of America (the),Northern America,Americas,,
2022,Natural,Hydrological,Flood,United States of America (the),Northern America,Americas,42,475
2022,Natural,Hydrological,Flood,Venezuela (Bolivarian Republic of),South America,Americas,1,86800
2022,Natural,Hydrological,Flood,Venezuela (Bolivarian Republic of),South America,Americas,,2000
2022,Natural,Hydrological,Flood,Venezuela (Bolivarian Republic of),South America,Americas,20,
2022,Natural,Hydrological,Flood,Venezuela (Bolivarian Republic of),South America,Americas,3,2000
2022,Natural,Hydrological,Flood,Viet Nam,South-Eastern Asia,Asia,10,
2022,Natural,Hydrological,Flood,Yemen,Western Asia,Asia,13,3400
2022,Natural,Hydrological,Flood,Yemen,Western Asia,Asia,,41000
2022,Natural,Hydrological,Flood,Yemen,Western Asia,Asia,77,175000
2022,Natural,Hydrological,Flood,South Africa,Southern Africa,Africa,17,40000
2022,Natural,Hydrological,Flood,South Africa,Southern Africa,Africa,,200
2022,Natural,Hydrological,Flood,South Africa,Southern Africa,Africa,,204
2022,Natural,Climatological,Drought,Congo (the Democratic Republic of the),Middle Africa,Africa,,25972806
2022,Natural,Hydrological,Flood,South Sudan,Northern Africa,Africa,,1000000